time,month,sst
1870-01-16 11:59:59.505615234,1,0.42611852
1870-02-14 23:59:59.340820312,2,0.2121219
1870-03-16 11:59:59.340820312,3,0.1901361
1870-04-15 23:59:59.340820312,4,-0.12055099
1870-05-16 12:00:00.000000000,5,0.113756895
1870-06-16 00:00:00.000000000,6,0.4236731
1870-07-16 12:00:00.000000000,7,0.45127708
1870-08-16 12:00:00.000000000,8,0.4361279
1870-09-16 00:00:00.000000000,9,0.026216775
1870-10-16 12:00:00.000000000,10,0.069457024
1870-11-16 00:00:00.000000000,11,0.193658
1870-12-16 12:00:00.000000000,12,-0.08511531
1871-01-16 12:00:00.000000000,1,0.0558829
1871-02-15 00:00:00.000000000,2,0.10641989
1871-03-16 12:00:00.000000000,3,0.1574238
1871-04-16 00:00:00.000000000,4,0.350246
1871-05-16 12:00:00.000000000,5,0.43123242
1871-06-16 00:00:00.000000000,6,0.62455773
1871-07-16 12:00:00.000000000,7,0.56838393
1871-08-16 12:00:00.000000000,8,0.3073869
1871-09-16 00:00:00.000000000,9,0.39391005
1871-10-16 12:00:00.000000000,10,0.21490115
1871-11-16 00:00:00.000000000,11,0.4579397
1871-12-16 12:00:00.000000000,12,0.40328693
1872-01-16 12:00:00.000000000,1,0.70143795
1872-02-15 12:00:00.000000000,2,0.42320716
1872-03-16 12:00:00.000000000,3,0.20343202
1872-04-16 00:00:00.000000000,4,0.24229142
1872-05-16 12:00:00.000000000,5,0.31839865
1872-06-16 00:00:00.000000000,6,0.51477104
1872-07-16 12:00:00.000000000,7,0.5217388
1872-08-16 12:00:00.000000000,8,0.49535728
1872-09-16 00:00:00.000000000,9,0.49568582
1872-10-16 12:00:00.000000000,10,0.35588408
1872-11-16 00:00:00.000000000,11,0.45973355
1872-12-16 12:00:00.000000000,12,0.43479076
1873-01-16 12:00:00.000000000,1,0.54025537
1873-02-15 00:00:00.000000000,2,0.70441794
1873-03-16 12:00:00.000000000,3,0.82081604
1873-04-16 00:00:00.000000000,4,0.99933803
1873-05-16 12:00:00.000000000,5,0.648803
1873-06-16 00:00:00.000000000,6,0.62603426
1873-07-16 12:00:00.000000000,7,0.84030426
1873-08-16 12:00:00.000000000,8,0.7552602
1873-09-16 00:00:00.000000000,9,0.9009217
1873-10-16 12:00:00.000000000,10,0.6051928
1873-11-16 00:00:00.000000000,11,0.5508816
1873-12-16 12:00:00.000000000,12,-0.046212703
1874-01-16 12:00:00.000000000,1,-0.0464361
1874-02-15 00:00:00.000000000,2,-0.22596896
1874-03-16 12:00:00.000000000,3,-0.4571941
1874-04-16 00:00:00.000000000,4,-0.6082342
1874-05-16 12:00:00.000000000,5,-0.7308258
1874-06-16 00:00:00.000000000,6,-0.40940323
1874-07-16 12:00:00.000000000,7,-0.1366966
1874-08-16 12:00:00.000000000,8,-0.17100954
1874-09-16 00:00:00.000000000,9,0.13300735
1874-10-16 12:00:00.000000000,10,-0.043996394
1874-11-16 00:00:00.000000000,11,0.04313886
1874-12-16 12:00:00.000000000,12,0.20263684
1875-01-16 12:00:00.000000000,1,0.36944053
1875-02-15 00:00:00.000000000,2,1.0369605
1875-03-16 12:00:00.000000000,3,0.82584333
1875-04-16 00:00:00.000000000,4,0.6359589
1875-05-16 12:00:00.000000000,5,0.6904737
1875-06-16 00:00:00.000000000,6,0.6506444
1875-07-16 12:00:00.000000000,7,0.3689089
1875-08-16 12:00:00.000000000,8,0.5651281
1875-09-16 00:00:00.000000000,9,0.44322702
1875-10-16 12:00:00.000000000,10,0.5386312
1875-11-16 00:00:00.000000000,11,0.9566122
1875-12-16 12:00:00.000000000,12,0.64075315
1876-01-16 12:00:00.000000000,1,0.682437
1876-02-15 12:00:00.000000000,2,0.41368887
1876-03-16 12:00:00.000000000,3,0.49720925
1876-04-16 00:00:00.000000000,4,0.31626445
1876-05-16 12:00:00.000000000,5,0.19907463
1876-06-16 00:00:00.000000000,6,0.2539773
1876-07-16 12:00:00.000000000,7,0.034276813
1876-08-16 12:00:00.000000000,8,0.11328983
1876-09-16 00:00:00.000000000,9,-0.22216925
1876-10-16 12:00:00.000000000,10,-0.5876169
1876-11-16 00:00:00.000000000,11,-0.82317156
1876-12-16 12:00:00.000000000,12,-0.94496024
1877-01-16 12:00:00.000000000,1,-0.6141016
1877-02-15 00:00:00.000000000,2,-0.5196254
1877-03-16 12:00:00.000000000,3,-0.3168653
1877-04-16 00:00:00.000000000,4,-0.33977687
1877-05-16 12:00:00.000000000,5,-0.24364191
1877-06-16 00:00:00.000000000,6,0.37675536
1877-07-16 12:00:00.000000000,7,0.2490289
1877-08-16 12:00:00.000000000,8,0.32965496
1877-09-16 00:00:00.000000000,9,0.65585834
1877-10-16 12:00:00.000000000,10,0.7086911
1877-11-16 00:00:00.000000000,11,0.52218485
1877-12-16 12:00:00.000000000,12,0.60996264
1878-01-16 12:00:00.000000000,1,0.09251034
1878-02-15 00:00:00.000000000,2,0.04173699
1878-03-16 12:00:00.000000000,3,0.09936315
1878-04-16 00:00:00.000000000,4,0.45813665
1878-05-16 12:00:00.000000000,5,0.37496746
1878-06-16 00:00:00.000000000,6,0.1745741
1878-07-16 12:00:00.000000000,7,-0.040954024
1878-08-16 12:00:00.000000000,8,0.024997085
1878-09-16 00:00:00.000000000,9,-0.0325692
1878-10-16 12:00:00.000000000,10,-0.27296475
1878-11-16 00:00:00.000000000,11,-0.35798344
1878-12-16 12:00:00.000000000,12,-0.48731476
1879-01-16 12:00:00.000000000,1,-0.3475331
1879-02-15 00:00:00.000000000,2,-0.38420814
1879-03-16 12:00:00.000000000,3,-0.275893
1879-04-16 00:00:00.000000000,4,-0.4533855
1879-05-16 12:00:00.000000000,5,-0.28353265
1879-06-16 00:00:00.000000000,6,-0.16917634
1879-07-16 12:00:00.000000000,7,-0.18876845
1879-08-16 12:00:00.000000000,8,-0.22981387
1879-09-16 00:00:00.000000000,9,-0.035264194
1879-10-16 12:00:00.000000000,10,-0.090373605
1879-11-16 00:00:00.000000000,11,0.010295451
1879-12-16 12:00:00.000000000,12,0.11937079
1880-01-16 12:00:00.000000000,1,0.3389678
1880-02-15 12:00:00.000000000,2,0.6027032
1880-03-16 12:00:00.000000000,3,0.06310353
1880-04-16 00:00:00.000000000,4,-0.33565378
1880-05-16 12:00:00.000000000,5,-0.57899904
1880-06-16 00:00:00.000000000,6,-0.38828442
1880-07-16 12:00:00.000000000,7,-0.5411727
1880-08-16 12:00:00.000000000,8,-0.3880813
1880-09-16 00:00:00.000000000,9,-0.41133565
1880-10-16 12:00:00.000000000,10,-0.33694112
1880-11-16 00:00:00.000000000,11,-0.16685125
1880-12-16 12:00:00.000000000,12,-0.02189821
1881-01-16 12:00:00.000000000,1,0.09129074
1881-02-15 00:00:00.000000000,2,0.08005005
1881-03-16 12:00:00.000000000,3,0.33406162
1881-04-16 00:00:00.000000000,4,0.3178872
1881-05-16 12:00:00.000000000,5,0.5435847
1881-06-16 00:00:00.000000000,6,0.6199975
1881-07-16 12:00:00.000000000,7,0.53413576
1881-08-16 12:00:00.000000000,8,0.2590905
1881-09-16 00:00:00.000000000,9,0.05414501
1881-10-16 12:00:00.000000000,10,0.109966666
1881-11-16 00:00:00.000000000,11,-0.095670074
1881-12-16 12:00:00.000000000,12,-0.0044718087
1882-01-16 12:00:00.000000000,1,0.13469803
1882-02-15 00:00:00.000000000,2,0.4561192
1882-03-16 12:00:00.000000000,3,0.38387313
1882-04-16 00:00:00.000000000,4,-0.0006798506
1882-05-16 12:00:00.000000000,5,-0.6062049
1882-06-16 00:00:00.000000000,6,-0.5389389
1882-07-16 12:00:00.000000000,7,-0.332567
1882-08-16 12:00:00.000000000,8,-0.016193628
1882-09-16 00:00:00.000000000,9,-0.28896564
1882-10-16 12:00:00.000000000,10,-0.23464364
1882-11-16 00:00:00.000000000,11,-0.1346134
1882-12-16 12:00:00.000000000,12,-0.23133907
1883-01-16 12:00:00.000000000,1,-0.4873053
1883-02-15 00:00:00.000000000,2,-0.08406016
1883-03-16 12:00:00.000000000,3,0.03485146
1883-04-16 00:00:00.000000000,4,0.051023692
1883-05-16 12:00:00.000000000,5,0.07790142
1883-06-16 00:00:00.000000000,6,0.014660448
1883-07-16 12:00:00.000000000,7,-0.39297214
1883-08-16 12:00:00.000000000,8,-0.15766963
1883-09-16 00:00:00.000000000,9,-0.034878135
1883-10-16 12:00:00.000000000,10,-0.1574521
1883-11-16 00:00:00.000000000,11,0.003108412
1883-12-16 12:00:00.000000000,12,0.13273594
1884-01-16 12:00:00.000000000,1,0.378613
1884-02-15 12:00:00.000000000,2,0.21422419
1884-03-16 12:00:00.000000000,3,0.05560437
1884-04-16 00:00:00.000000000,4,0.0457204
1884-05-16 12:00:00.000000000,5,0.12805831
1884-06-16 00:00:00.000000000,6,0.3469165
1884-07-16 12:00:00.000000000,7,-0.13010663
1884-08-16 12:00:00.000000000,8,-0.26620653
1884-09-16 00:00:00.000000000,9,-0.35852864
1884-10-16 12:00:00.000000000,10,-0.49285597
1884-11-16 00:00:00.000000000,11,-0.41510278
1884-12-16 12:00:00.000000000,12,-0.32079643
1885-01-16 12:00:00.000000000,1,-0.11243051
1885-02-15 00:00:00.000000000,2,-0.3009011
1885-03-16 12:00:00.000000000,3,-0.19416687
1885-04-16 00:00:00.000000000,4,-0.10057503
1885-05-16 12:00:00.000000000,5,0.12978691
1885-06-16 00:00:00.000000000,6,0.14980295
1885-07-16 12:00:00.000000000,7,0.20991006
1885-08-16 12:00:00.000000000,8,0.429714
1885-09-16 00:00:00.000000000,9,0.2644261
1885-10-16 12:00:00.000000000,10,0.114206135
1885-11-16 00:00:00.000000000,11,0.293885
1885-12-16 12:00:00.000000000,12,0.29723004
1886-01-16 12:00:00.000000000,1,0.33353287
1886-02-15 00:00:00.000000000,2,0.3271165
1886-03-16 12:00:00.000000000,3,0.88701725
1886-04-16 00:00:00.000000000,4,0.63710475
1886-05-16 12:00:00.000000000,5,0.552701
1886-06-16 00:00:00.000000000,6,0.4652519
1886-07-16 12:00:00.000000000,7,0.68149924
1886-08-16 12:00:00.000000000,8,0.41841573
1886-09-16 00:00:00.000000000,9,0.3391931
1886-10-16 12:00:00.000000000,10,0.23313777
1886-11-16 00:00:00.000000000,11,0.4492584
1886-12-16 12:00:00.000000000,12,0.4683184
1887-01-16 12:00:00.000000000,1,-0.20524764
1887-02-15 00:00:00.000000000,2,0.04816836
1887-03-16 12:00:00.000000000,3,-0.048392594
1887-04-16 00:00:00.000000000,4,0.023554742
1887-05-16 12:00:00.000000000,5,-0.16582432
1887-06-16 00:00:00.000000000,6,-0.09194255
1887-07-16 12:00:00.000000000,7,0.10320416
1887-08-16 12:00:00.000000000,8,-0.47044522
1887-09-16 00:00:00.000000000,9,-0.12312347
1887-10-16 12:00:00.000000000,10,-0.16783878
1887-11-16 00:00:00.000000000,11,-0.032592118
1887-12-16 12:00:00.000000000,12,-0.32819423
1888-01-16 12:00:00.000000000,1,-0.3992231
1888-02-15 12:00:00.000000000,2,-0.51437163
1888-03-16 12:00:00.000000000,3,-0.721344
1888-04-16 00:00:00.000000000,4,-0.67872113
1888-05-16 12:00:00.000000000,5,-0.44497755
1888-06-16 00:00:00.000000000,6,-0.46627155
1888-07-16 12:00:00.000000000,7,-0.23891306
1888-08-16 12:00:00.000000000,8,-0.091120094
1888-09-16 00:00:00.000000000,9,-0.24953938
1888-10-16 12:00:00.000000000,10,-0.1331839
1888-11-16 00:00:00.000000000,11,-0.24408448
1888-12-16 12:00:00.000000000,12,-0.17729834
1889-01-16 12:00:00.000000000,1,0.0785113
1889-02-15 00:00:00.000000000,2,0.26763698
1889-03-16 12:00:00.000000000,3,0.04984823
1889-04-16 00:00:00.000000000,4,0.004071772
1889-05-16 12:00:00.000000000,5,0.34182483
1889-06-16 00:00:00.000000000,6,0.5808848
1889-07-16 12:00:00.000000000,7,0.5804918
1889-08-16 12:00:00.000000000,8,0.6316516
1889-09-16 00:00:00.000000000,9,0.6490278
1889-10-16 12:00:00.000000000,10,0.39109698
1889-11-16 00:00:00.000000000,11,0.5100853
1889-12-16 12:00:00.000000000,12,0.42770976
1890-01-16 12:00:00.000000000,1,0.49274397
1890-02-15 00:00:00.000000000,2,0.28543645
1890-03-16 12:00:00.000000000,3,0.07015994
1890-04-16 00:00:00.000000000,4,0.013729513
1890-05-16 12:00:00.000000000,5,-0.017099112
1890-06-16 00:00:00.000000000,6,-0.14225486
1890-07-16 12:00:00.000000000,7,-0.041535974
1890-08-16 12:00:00.000000000,8,-0.15437332
1890-09-16 00:00:00.000000000,9,0.049082518
1890-10-16 12:00:00.000000000,10,-0.04891184
1890-11-16 00:00:00.000000000,11,-0.020630896
1890-12-16 12:00:00.000000000,12,-0.02219522
1891-01-16 12:00:00.000000000,1,-0.04717487
1891-02-15 00:00:00.000000000,2,-0.17524627
1891-03-16 12:00:00.000000000,3,-0.24707574
1891-04-16 00:00:00.000000000,4,-0.24063867
1891-05-16 12:00:00.000000000,5,-0.19142991
1891-06-16 00:00:00.000000000,6,-0.020646036
1891-07-16 12:00:00.000000000,7,-0.3347497
1891-08-16 12:00:00.000000000,8,-0.34019843
1891-09-16 00:00:00.000000000,9,-0.13531506
1891-10-16 12:00:00.000000000,10,-0.018323034
1891-11-16 00:00:00.000000000,11,0.027857542
1891-12-16 12:00:00.000000000,12,0.00935775
1892-01-16 12:00:00.000000000,1,0.025722593
1892-02-15 12:00:00.000000000,2,0.114491284
1892-03-16 12:00:00.000000000,3,-0.046441168
1892-04-16 00:00:00.000000000,4,-0.5207023
1892-05-16 12:00:00.000000000,5,-0.77171993
1892-06-16 00:00:00.000000000,6,-0.6897306
1892-07-16 12:00:00.000000000,7,-0.49862194
1892-08-16 12:00:00.000000000,8,-0.22677577
1892-09-16 00:00:00.000000000,9,-0.027985811
1892-10-16 12:00:00.000000000,10,-0.32837057
1892-11-16 00:00:00.000000000,11,0.12133457
1892-12-16 12:00:00.000000000,12,-0.101558864
1893-01-16 12:00:00.000000000,1,0.027781129
1893-02-15 00:00:00.000000000,2,-0.33980906
1893-03-16 12:00:00.000000000,3,-0.4127836
1893-04-16 00:00:00.000000000,4,-0.52921134
1893-05-16 12:00:00.000000000,5,-0.21625674
1893-06-16 00:00:00.000000000,6,0.2579603
1893-07-16 12:00:00.000000000,7,0.40584406
1893-08-16 12:00:00.000000000,8,0.43529347
1893-09-16 00:00:00.000000000,9,0.39558768
1893-10-16 12:00:00.000000000,10,0.2976961
1893-11-16 00:00:00.000000000,11,0.21267387
1893-12-16 12:00:00.000000000,12,0.15369585
1894-01-16 12:00:00.000000000,1,0.06077817
1894-02-15 00:00:00.000000000,2,0.08776894
1894-03-16 12:00:00.000000000,3,-0.25489098
1894-04-16 00:00:00.000000000,4,-0.16427028
1894-05-16 12:00:00.000000000,5,-0.10435322
1894-06-16 00:00:00.000000000,6,0.11756517
1894-07-16 12:00:00.000000000,7,0.28364953
1894-08-16 12:00:00.000000000,8,0.037137896
1894-09-16 00:00:00.000000000,9,-0.025320292
1894-10-16 12:00:00.000000000,10,-0.06369096
1894-11-16 00:00:00.000000000,11,0.17821576
1894-12-16 12:00:00.000000000,12,0.25412774
1895-01-16 12:00:00.000000000,1,0.30678543
1895-02-15 00:00:00.000000000,2,0.3159586
1895-03-16 12:00:00.000000000,3,0.2613195
1895-04-16 00:00:00.000000000,4,0.08514625
1895-05-16 12:00:00.000000000,5,0.064380854
1895-06-16 00:00:00.000000000,6,-0.13500625
1895-07-16 12:00:00.000000000,7,-0.10278803
1895-08-16 12:00:00.000000000,8,0.26594386
1895-09-16 00:00:00.000000000,9,0.032542765
1895-10-16 12:00:00.000000000,10,0.124050915
1895-11-16 00:00:00.000000000,11,0.14243741
1895-12-16 12:00:00.000000000,12,0.023098052
1896-01-16 12:00:00.000000000,1,0.13149942
1896-02-15 12:00:00.000000000,2,0.29496664
1896-03-16 12:00:00.000000000,3,0.3844679
1896-04-16 00:00:00.000000000,4,0.31618026
1896-05-16 12:00:00.000000000,5,0.21227086
1896-06-16 00:00:00.000000000,6,-0.09694561
1896-07-16 12:00:00.000000000,7,-0.39987558
1896-08-16 12:00:00.000000000,8,-0.34142417
1896-09-16 00:00:00.000000000,9,-0.053449422
1896-10-16 12:00:00.000000000,10,0.05354458
1896-11-16 00:00:00.000000000,11,0.024003685
1896-12-16 12:00:00.000000000,12,0.30880582
1897-01-16 12:00:00.000000000,1,0.4969746
1897-02-15 00:00:00.000000000,2,0.55276567
1897-03-16 12:00:00.000000000,3,0.5137354
1897-04-16 00:00:00.000000000,4,0.6490247
1897-05-16 12:00:00.000000000,5,0.6051835
1897-06-16 00:00:00.000000000,6,0.62557113
1897-07-16 12:00:00.000000000,7,0.51212955
1897-08-16 12:00:00.000000000,8,0.47425455
1897-09-16 00:00:00.000000000,9,0.48095992
1897-10-16 12:00:00.000000000,10,0.3108677
1897-11-16 00:00:00.000000000,11,0.1218006
1897-12-16 12:00:00.000000000,12,0.014824897
1898-01-16 12:00:00.000000000,1,-0.092467666
1898-02-15 00:00:00.000000000,2,-0.10490644
1898-03-16 12:00:00.000000000,3,-0.29429823
1898-04-16 00:00:00.000000000,4,-0.18082643
1898-05-16 12:00:00.000000000,5,-0.15402997
1898-06-16 00:00:00.000000000,6,-0.33012065
1898-07-16 12:00:00.000000000,7,-0.23889819
1898-08-16 12:00:00.000000000,8,-0.02421093
1898-09-16 00:00:00.000000000,9,0.3006062
1898-10-16 12:00:00.000000000,10,-0.1973539
1898-11-16 00:00:00.000000000,11,0.009378254
1898-12-16 12:00:00.000000000,12,0.38429302
1899-01-16 12:00:00.000000000,1,0.2636819
1899-02-15 00:00:00.000000000,2,0.23686314
1899-03-16 12:00:00.000000000,3,0.380605
1899-04-16 00:00:00.000000000,4,0.35236803
1899-05-16 12:00:00.000000000,5,0.48322946
1899-06-16 00:00:00.000000000,6,0.60728145
1899-07-16 12:00:00.000000000,7,0.5421207
1899-08-16 12:00:00.000000000,8,0.75720775
1899-09-16 00:00:00.000000000,9,0.03228563
1899-10-16 12:00:00.000000000,10,-0.033875138
1899-11-16 00:00:00.000000000,11,0.07377398
1899-12-16 12:00:00.000000000,12,0.05678308
1900-01-16 12:00:00.000000000,1,-0.26059282
1900-02-15 00:00:00.000000000,2,-0.32399103
1900-03-16 12:00:00.000000000,3,-0.40005776
1900-04-16 00:00:00.000000000,4,-0.32245618
1900-05-16 12:00:00.000000000,5,-0.17495981
1900-06-16 00:00:00.000000000,6,0.060916573
1900-07-16 12:00:00.000000000,7,0.14739262
1900-08-16 12:00:00.000000000,8,0.045622498
1900-09-16 00:00:00.000000000,9,0.43095458
1900-10-16 12:00:00.000000000,10,0.41190612
1900-11-16 00:00:00.000000000,11,0.18229164
1900-12-16 12:00:00.000000000,12,0.68288016
1901-01-16 12:00:00.000000000,1,0.24764816
1901-02-15 00:00:00.000000000,2,0.31930935
1901-03-16 12:00:00.000000000,3,0.13885278
1901-04-16 00:00:00.000000000,4,0.22658479
1901-05-16 12:00:00.000000000,5,0.24585062
1901-06-16 00:00:00.000000000,6,0.38901514
1901-07-16 12:00:00.000000000,7,0.2774208
1901-08-16 12:00:00.000000000,8,0.29829803
1901-09-16 00:00:00.000000000,9,0.03409168
1901-10-16 12:00:00.000000000,10,0.12466252
1901-11-16 00:00:00.000000000,11,0.025625229
1901-12-16 12:00:00.000000000,12,0.028702766
1902-01-16 12:00:00.000000000,1,-0.20923907
1902-02-15 00:00:00.000000000,2,-0.29470956
1902-03-16 12:00:00.000000000,3,-0.5752095
1902-04-16 00:00:00.000000000,4,-0.26631996
1902-05-16 12:00:00.000000000,5,-0.0734238
1902-06-16 00:00:00.000000000,6,-0.32272774
1902-07-16 12:00:00.000000000,7,-0.09917277
1902-08-16 12:00:00.000000000,8,-0.25261742
1902-09-16 00:00:00.000000000,9,-0.41376972
1902-10-16 12:00:00.000000000,10,-0.51937914
1902-11-16 00:00:00.000000000,11,-0.5762083
1902-12-16 12:00:00.000000000,12,0.05452168
1903-01-16 12:00:00.000000000,1,-0.1054765
1903-02-15 00:00:00.000000000,2,-4.4465065e-05
1903-03-16 12:00:00.000000000,3,-0.3864029
1903-04-16 00:00:00.000000000,4,-0.6189067
1903-05-16 12:00:00.000000000,5,-0.50657046
1903-06-16 00:00:00.000000000,6,-0.5594666
1903-07-16 12:00:00.000000000,7,-0.3410288
1903-08-16 12:00:00.000000000,8,-0.5419898
1903-09-16 00:00:00.000000000,9,-0.5108864
1903-10-16 12:00:00.000000000,10,-0.50916606
1903-11-16 00:00:00.000000000,11,-0.5437204
1903-12-16 12:00:00.000000000,12,-0.8280303
1904-01-16 12:00:00.000000000,1,-0.5381516
1904-02-15 12:00:00.000000000,2,-0.721245
1904-03-16 12:00:00.000000000,3,-0.8927027
1904-04-16 00:00:00.000000000,4,-0.6331432
1904-05-16 12:00:00.000000000,5,-0.43554676
1904-06-16 00:00:00.000000000,6,-0.5079036
1904-07-16 12:00:00.000000000,7,-0.60303795
1904-08-16 12:00:00.000000000,8,-0.75887656
1904-09-16 00:00:00.000000000,9,-0.9477572
1904-10-16 12:00:00.000000000,10,-0.902931
1904-11-16 00:00:00.000000000,11,-0.53899264
1904-12-16 12:00:00.000000000,12,-0.44845822
1905-01-16 12:00:00.000000000,1,-0.5710361
1905-02-15 00:00:00.000000000,2,-0.5339364
1905-03-16 12:00:00.000000000,3,-0.5458174
1905-04-16 00:00:00.000000000,4,-0.43205327
1905-05-16 12:00:00.000000000,5,-0.3046112
1905-06-16 00:00:00.000000000,6,-0.87838835
1905-07-16 12:00:00.000000000,7,-0.6129476
1905-08-16 12:00:00.000000000,8,-0.754555
1905-09-16 00:00:00.000000000,9,-0.6659947
1905-10-16 12:00:00.000000000,10,-0.530088
1905-11-16 00:00:00.000000000,11,-0.47198004
1905-12-16 12:00:00.000000000,12,-0.28955472
1906-01-16 12:00:00.000000000,1,-0.26849815
1906-02-15 00:00:00.000000000,2,-0.121889144
1906-03-16 12:00:00.000000000,3,0.058930784
1906-04-16 00:00:00.000000000,4,-0.31059533
1906-05-16 12:00:00.000000000,5,-0.5616907
1906-06-16 00:00:00.000000000,6,-0.66486245
1906-07-16 12:00:00.000000000,7,-0.6402265
1906-08-16 12:00:00.000000000,8,-0.38177028
1906-09-16 00:00:00.000000000,9,-0.40321928
1906-10-16 12:00:00.000000000,10,-0.63096976
1906-11-16 00:00:00.000000000,11,-0.37419987
1906-12-16 12:00:00.000000000,12,-0.280681
1907-01-16 12:00:00.000000000,1,-0.38110378
1907-02-15 00:00:00.000000000,2,-0.5638102
1907-03-16 12:00:00.000000000,3,-0.16785192
1907-04-16 00:00:00.000000000,4,-0.3764822
1907-05-16 12:00:00.000000000,5,-0.27379948
1907-06-16 00:00:00.000000000,6,-0.5658637
1907-07-16 12:00:00.000000000,7,-0.36632353
1907-08-16 12:00:00.000000000,8,-0.067195
1907-09-16 00:00:00.000000000,9,-0.0975962
1907-10-16 12:00:00.000000000,10,-0.28874007
1907-11-16 00:00:00.000000000,11,-0.19796205
1907-12-16 12:00:00.000000000,12,-0.41793382
1908-01-16 12:00:00.000000000,1,-0.55737144
1908-02-15 12:00:00.000000000,2,-0.35183325
1908-03-16 12:00:00.000000000,3,-0.39464214
1908-04-16 00:00:00.000000000,4,-0.41674027
1908-05-16 12:00:00.000000000,5,-0.6693115
1908-06-16 00:00:00.000000000,6,-0.85160226
1908-07-16 12:00:00.000000000,7,-0.4340859
1908-08-16 12:00:00.000000000,8,-0.29473943
1908-09-16 00:00:00.000000000,9,-0.0785836
1908-10-16 12:00:00.000000000,10,-0.15273207
1908-11-16 00:00:00.000000000,11,-0.4202355
1908-12-16 12:00:00.000000000,12,-0.3385256
1909-01-16 12:00:00.000000000,1,-0.43729067
1909-02-15 00:00:00.000000000,2,-0.42705882
1909-03-16 12:00:00.000000000,3,-0.39928293
1909-04-16 00:00:00.000000000,4,-0.15824711
1909-05-16 12:00:00.000000000,5,0.36951262
1909-06-16 00:00:00.000000000,6,0.42952955
1909-07-16 12:00:00.000000000,7,0.48555803
1909-08-16 12:00:00.000000000,8,0.48421395
1909-09-16 00:00:00.000000000,9,0.045544803
1909-10-16 12:00:00.000000000,10,0.30921778
1909-11-16 00:00:00.000000000,11,0.06275365
1909-12-16 12:00:00.000000000,12,0.36655143
1910-01-16 12:00:00.000000000,1,0.08827293
1910-02-15 00:00:00.000000000,2,0.27134344
1910-03-16 12:00:00.000000000,3,0.22386001
1910-04-16 00:00:00.000000000,4,0.33763975
1910-05-16 12:00:00.000000000,5,0.62052536
1910-06-16 00:00:00.000000000,6,0.9035431
1910-07-16 12:00:00.000000000,7,0.7381965
1910-08-16 12:00:00.000000000,8,0.24330464
1910-09-16 00:00:00.000000000,9,0.34192893
1910-10-16 12:00:00.000000000,10,-0.14613879
1910-11-16 00:00:00.000000000,11,-0.33914647
1910-12-16 12:00:00.000000000,12,-0.42672062
1911-01-16 12:00:00.000000000,1,-0.70103264
1911-02-15 00:00:00.000000000,2,-0.269606
1911-03-16 12:00:00.000000000,3,-0.519996
1911-04-16 00:00:00.000000000,4,-0.5766438
1911-05-16 12:00:00.000000000,5,-0.41970006
1911-06-16 00:00:00.000000000,6,-0.4067255
1911-07-16 12:00:00.000000000,7,-0.4119854
1911-08-16 12:00:00.000000000,8,-0.7194588
1911-09-16 00:00:00.000000000,9,-0.5168647
1911-10-16 12:00:00.000000000,10,-0.41050482
1911-11-16 00:00:00.000000000,11,-0.4984509
1911-12-16 12:00:00.000000000,12,0.048002213
1912-01-16 12:00:00.000000000,1,0.25683388
1912-02-15 12:00:00.000000000,2,0.15486497
1912-03-16 12:00:00.000000000,3,0.14676672
1912-04-16 00:00:00.000000000,4,0.22502804
1912-05-16 12:00:00.000000000,5,0.24085453
1912-06-16 00:00:00.000000000,6,0.1843413
1912-07-16 12:00:00.000000000,7,0.0205151
1912-08-16 12:00:00.000000000,8,-0.03515336
1912-09-16 00:00:00.000000000,9,-0.047099352
1912-10-16 12:00:00.000000000,10,0.020839155
1912-11-16 00:00:00.000000000,11,0.15549888
1912-12-16 12:00:00.000000000,12,0.054851517
1913-01-16 12:00:00.000000000,1,0.18142311
1913-02-15 00:00:00.000000000,2,-0.019514948
1913-03-16 12:00:00.000000000,3,-0.09414962
1913-04-16 00:00:00.000000000,4,0.06762181
1913-05-16 12:00:00.000000000,5,0.33061436
1913-06-16 00:00:00.000000000,6,0.51847374
1913-07-16 12:00:00.000000000,7,0.25989747
1913-08-16 12:00:00.000000000,8,0.10445594
1913-09-16 00:00:00.000000000,9,-0.060255796
1913-10-16 12:00:00.000000000,10,-0.27902195
1913-11-16 00:00:00.000000000,11,-0.20597139
1913-12-16 12:00:00.000000000,12,-0.17290643
1914-01-16 12:00:00.000000000,1,-0.045981944
1914-02-15 00:00:00.000000000,2,-0.2411345
1914-03-16 12:00:00.000000000,3,-0.5504179
1914-04-16 00:00:00.000000000,4,-0.38500702
1914-05-16 12:00:00.000000000,5,-0.18993545
1914-06-16 00:00:00.000000000,6,-0.66320467
1914-07-16 12:00:00.000000000,7,-0.8067874
1914-08-16 12:00:00.000000000,8,-0.52228534
1914-09-16 00:00:00.000000000,9,-0.26507574
1914-10-16 12:00:00.000000000,10,0.11159779
1914-11-16 00:00:00.000000000,11,0.123611934
1914-12-16 12:00:00.000000000,12,-0.060316145
1915-01-16 12:00:00.000000000,1,0.019364327
1915-02-15 00:00:00.000000000,2,-0.009449393
1915-03-16 12:00:00.000000000,3,0.11597611
1915-04-16 00:00:00.000000000,4,-0.119591236
1915-05-16 12:00:00.000000000,5,-0.07165098
1915-06-16 00:00:00.000000000,6,-0.060964376
1915-07-16 12:00:00.000000000,7,-0.027570277
1915-08-16 12:00:00.000000000,8,-0.17922413
1915-09-16 00:00:00.000000000,9,0.027619794
1915-10-16 12:00:00.000000000,10,-0.07191253
1915-11-16 00:00:00.000000000,11,-0.15536463
1915-12-16 12:00:00.000000000,12,-0.066684574
1916-01-16 12:00:00.000000000,1,0.038531527
1916-02-15 12:00:00.000000000,2,0.16519602
1916-03-16 12:00:00.000000000,3,-0.26507035
1916-04-16 00:00:00.000000000,4,-0.1671626
1916-05-16 12:00:00.000000000,5,-0.2795518
1916-06-16 00:00:00.000000000,6,0.076681376
1916-07-16 12:00:00.000000000,7,0.092060514
1916-08-16 12:00:00.000000000,8,0.28233504
1916-09-16 00:00:00.000000000,9,0.30761012
1916-10-16 12:00:00.000000000,10,0.2871255
1916-11-16 00:00:00.000000000,11,0.2145522
1916-12-16 12:00:00.000000000,12,0.06279841
1917-01-16 12:00:00.000000000,1,-0.045766264
1917-02-15 00:00:00.000000000,2,-0.010268375
1917-03-16 12:00:00.000000000,3,-0.19795573
1917-04-16 00:00:00.000000000,4,-0.24137822
1917-05-16 12:00:00.000000000,5,-0.42325988
1917-06-16 00:00:00.000000000,6,-0.33068928
1917-07-16 12:00:00.000000000,7,-0.22918174
1917-08-16 12:00:00.000000000,8,-0.17236114
1917-09-16 00:00:00.000000000,9,-0.048548236
1917-10-16 12:00:00.000000000,10,-0.18435836
1917-11-16 00:00:00.000000000,11,-0.26454145
1917-12-16 12:00:00.000000000,12,-0.18486175
1918-01-16 12:00:00.000000000,1,-0.21127972
1918-02-15 00:00:00.000000000,2,-0.38431397
1918-03-16 12:00:00.000000000,3,-0.5909728
1918-04-16 00:00:00.000000000,4,-0.5499151
1918-05-16 12:00:00.000000000,5,-0.6772971
1918-06-16 00:00:00.000000000,6,-0.73035765
1918-07-16 12:00:00.000000000,7,-0.83486295
1918-08-16 12:00:00.000000000,8,-0.7634014
1918-09-16 00:00:00.000000000,9,-0.6000813
1918-10-16 12:00:00.000000000,10,0.0021194369
1918-11-16 00:00:00.000000000,11,0.06830461
1918-12-16 12:00:00.000000000,12,0.113863364
1919-01-16 12:00:00.000000000,1,-0.097218454
1919-02-15 00:00:00.000000000,2,-0.1416054
1919-03-16 12:00:00.000000000,3,-0.3935447
1919-04-16 00:00:00.000000000,4,-0.49556056
1919-05-16 12:00:00.000000000,5,-0.60219324
1919-06-16 00:00:00.000000000,6,-0.2925934
1919-07-16 12:00:00.000000000,7,-0.35117063
1919-08-16 12:00:00.000000000,8,-0.26455423
1919-09-16 00:00:00.000000000,9,-0.1501357
1919-10-16 12:00:00.000000000,10,-0.3516759
1919-11-16 00:00:00.000000000,11,-0.2756811
1919-12-16 12:00:00.000000000,12,-0.2831613
1920-01-16 12:00:00.000000000,1,-0.25310808
1920-02-15 12:00:00.000000000,2,0.013780206
1920-03-16 12:00:00.000000000,3,0.1653864
1920-04-16 00:00:00.000000000,4,0.16000552
1920-05-16 12:00:00.000000000,5,0.009569526
1920-06-16 00:00:00.000000000,6,0.21541551
1920-07-16 12:00:00.000000000,7,0.2379328
1920-08-16 12:00:00.000000000,8,-0.09627819
1920-09-16 00:00:00.000000000,9,0.086143695
1920-10-16 12:00:00.000000000,10,0.222063
1920-11-16 00:00:00.000000000,11,0.25682938
1920-12-16 12:00:00.000000000,12,0.31331235
1921-01-16 12:00:00.000000000,1,0.4111277
1921-02-15 00:00:00.000000000,2,0.29240564
1921-03-16 12:00:00.000000000,3,0.23709664
1921-04-16 00:00:00.000000000,4,0.66596174
1921-05-16 12:00:00.000000000,5,0.63193977
1921-06-16 00:00:00.000000000,6,1.2523898
1921-07-16 12:00:00.000000000,7,1.2215124
1921-08-16 12:00:00.000000000,8,0.5623882
1921-09-16 00:00:00.000000000,9,0.69754124
1921-10-16 12:00:00.000000000,10,0.6277406
1921-11-16 00:00:00.000000000,11,0.30013174
1921-12-16 12:00:00.000000000,12,-0.064776585
1922-01-16 12:00:00.000000000,1,-0.007224351
1922-02-15 00:00:00.000000000,2,-0.13777441
1922-03-16 12:00:00.000000000,3,-0.06595729
1922-04-16 00:00:00.000000000,4,-0.28767005
1922-05-16 12:00:00.000000000,5,-0.05755566
1922-06-16 00:00:00.000000000,6,-0.32273725
1922-07-16 12:00:00.000000000,7,-0.46672478
1922-08-16 12:00:00.000000000,8,-0.19736648
1922-09-16 00:00:00.000000000,9,-0.27744517
1922-10-16 12:00:00.000000000,10,-0.16895664
1922-11-16 00:00:00.000000000,11,-0.123393595
1922-12-16 12:00:00.000000000,12,-0.13099352
1923-01-16 12:00:00.000000000,1,-0.054168418
1923-02-15 00:00:00.000000000,2,-0.2998542
1923-03-16 12:00:00.000000000,3,-0.57432103
1923-04-16 00:00:00.000000000,4,-0.5326935
1923-05-16 12:00:00.000000000,5,-0.21186283
1923-06-16 00:00:00.000000000,6,-0.17734694
1923-07-16 12:00:00.000000000,7,-0.37092984
1923-08-16 12:00:00.000000000,8,-0.40034512
1923-09-16 00:00:00.000000000,9,-0.29129556
1923-10-16 12:00:00.000000000,10,-0.09067242
1923-11-16 00:00:00.000000000,11,0.25771385
1923-12-16 12:00:00.000000000,12,0.79514223
1924-01-16 12:00:00.000000000,1,0.73497593
1924-02-15 12:00:00.000000000,2,0.31775457
1924-03-16 12:00:00.000000000,3,0.5854665
1924-04-16 00:00:00.000000000,4,0.6754916
1924-05-16 12:00:00.000000000,5,0.5530857
1924-06-16 00:00:00.000000000,6,0.22983164
1924-07-16 12:00:00.000000000,7,0.61616516
1924-08-16 12:00:00.000000000,8,0.43730107
1924-09-16 00:00:00.000000000,9,0.18334319
1924-10-16 12:00:00.000000000,10,0.0721692
1924-11-16 00:00:00.000000000,11,-0.14520961
1924-12-16 12:00:00.000000000,12,-0.22620738
1925-01-16 12:00:00.000000000,1,-0.18720993
1925-02-15 00:00:00.000000000,2,-0.39853585
1925-03-16 12:00:00.000000000,3,-0.17707995
1925-04-16 00:00:00.000000000,4,0.24484198
1925-05-16 12:00:00.000000000,5,0.7823514
1925-06-16 00:00:00.000000000,6,0.583076
1925-07-16 12:00:00.000000000,7,0.8017109
1925-08-16 12:00:00.000000000,8,0.54788864
1925-09-16 00:00:00.000000000,9,-0.121851385
1925-10-16 12:00:00.000000000,10,-0.28578937
1925-11-16 00:00:00.000000000,11,-0.33112755
1925-12-16 12:00:00.000000000,12,0.12351647
1926-01-16 12:00:00.000000000,1,0.25015774
1926-02-15 00:00:00.000000000,2,0.45707908
1926-03-16 12:00:00.000000000,3,0.2609299
1926-04-16 00:00:00.000000000,4,0.62626207
1926-05-16 12:00:00.000000000,5,0.5738983
1926-06-16 00:00:00.000000000,6,0.41065902
1926-07-16 12:00:00.000000000,7,0.34413522
1926-08-16 12:00:00.000000000,8,0.3867935
1926-09-16 00:00:00.000000000,9,0.4538062
1926-10-16 12:00:00.000000000,10,0.56337357
1926-11-16 00:00:00.000000000,11,0.13883162
1926-12-16 12:00:00.000000000,12,0.0054599494
1927-01-16 12:00:00.000000000,1,0.16719678
1927-02-15 00:00:00.000000000,2,-0.02433303
1927-03-16 12:00:00.000000000,3,0.065774046
1927-04-16 00:00:00.000000000,4,0.1380347
1927-05-16 12:00:00.000000000,5,-0.057560414
1927-06-16 00:00:00.000000000,6,0.16474262
1927-07-16 12:00:00.000000000,7,0.24471906
1927-08-16 12:00:00.000000000,8,0.0813261
1927-09-16 00:00:00.000000000,9,0.1850972
1927-10-16 12:00:00.000000000,10,0.33040035
1927-11-16 00:00:00.000000000,11,0.41938972
1927-12-16 12:00:00.000000000,12,0.36477584
1928-01-16 12:00:00.000000000,1,0.1641872
1928-02-15 12:00:00.000000000,2,0.14588338
1928-03-16 12:00:00.000000000,3,-0.013601929
1928-04-16 00:00:00.000000000,4,-0.16791296
1928-05-16 12:00:00.000000000,5,0.10716838
1928-06-16 00:00:00.000000000,6,-0.11287168
1928-07-16 12:00:00.000000000,7,0.08447407
1928-08-16 12:00:00.000000000,8,-0.09797114
1928-09-16 00:00:00.000000000,9,-0.32824752
1928-10-16 12:00:00.000000000,10,0.010043494
1928-11-16 00:00:00.000000000,11,0.046396248
1928-12-16 12:00:00.000000000,12,0.09647446
1929-01-16 12:00:00.000000000,1,-0.026827872
1929-02-15 00:00:00.000000000,2,0.14796126
1929-03-16 12:00:00.000000000,3,0.06334083
1929-04-16 00:00:00.000000000,4,0.2105375
1929-05-16 12:00:00.000000000,5,-0.019498885
1929-06-16 00:00:00.000000000,6,-0.48789418
1929-07-16 12:00:00.000000000,7,-0.21787754
1929-08-16 12:00:00.000000000,8,-0.32664904
1929-09-16 00:00:00.000000000,9,-0.5588667
1929-10-16 12:00:00.000000000,10,-0.5847237
1929-11-16 00:00:00.000000000,11,0.19879603
1929-12-16 12:00:00.000000000,12,-0.28085688
1930-01-16 12:00:00.000000000,1,-0.37583947
1930-02-15 00:00:00.000000000,2,-0.5047444
1930-03-16 12:00:00.000000000,3,-0.6493436
1930-04-16 00:00:00.000000000,4,-0.61039215
1930-05-16 12:00:00.000000000,5,-0.45571685
1930-06-16 00:00:00.000000000,6,-0.3137151
1930-07-16 12:00:00.000000000,7,-0.07627623
1930-08-16 12:00:00.000000000,8,-0.18705326
1930-09-16 00:00:00.000000000,9,-0.14089523
1930-10-16 12:00:00.000000000,10,-0.11709273
1930-11-16 00:00:00.000000000,11,0.015299171
1930-12-16 12:00:00.000000000,12,0.16764465
1931-01-16 12:00:00.000000000,1,0.018037587
1931-02-15 00:00:00.000000000,2,0.41762856
1931-03-16 12:00:00.000000000,3,0.39637488
1931-04-16 00:00:00.000000000,4,-0.011230901
1931-05-16 12:00:00.000000000,5,0.36415637
1931-06-16 00:00:00.000000000,6,-0.024116762
1931-07-16 12:00:00.000000000,7,-0.14952923
1931-08-16 12:00:00.000000000,8,-0.031215012
1931-09-16 00:00:00.000000000,9,0.06871909
1931-10-16 12:00:00.000000000,10,0.0769148
1931-11-16 00:00:00.000000000,11,-0.26650763
1931-12-16 12:00:00.000000000,12,0.041969735
1932-01-16 12:00:00.000000000,1,-0.2262024
1932-02-15 12:00:00.000000000,2,-0.23647243
1932-03-16 12:00:00.000000000,3,-0.64792633
1932-04-16 00:00:00.000000000,4,-0.46285304
1932-05-16 12:00:00.000000000,5,-0.47617945
1932-06-16 00:00:00.000000000,6,-0.45009786
1932-07-16 12:00:00.000000000,7,-0.7577018
1932-08-16 12:00:00.000000000,8,-0.2956611
1932-09-16 00:00:00.000000000,9,-0.46247157
1932-10-16 12:00:00.000000000,10,-0.40703338
1932-11-16 00:00:00.000000000,11,-0.14591424
1932-12-16 12:00:00.000000000,12,0.10599365
1933-01-16 12:00:00.000000000,1,0.42872262
1933-02-15 00:00:00.000000000,2,0.26270753
1933-03-16 12:00:00.000000000,3,0.5118959
1933-04-16 00:00:00.000000000,4,0.43716654
1933-05-16 12:00:00.000000000,5,0.28458607
1933-06-16 00:00:00.000000000,6,0.2131896
1933-07-16 12:00:00.000000000,7,0.52455294
1933-08-16 12:00:00.000000000,8,0.23711203
1933-09-16 00:00:00.000000000,9,-0.15386428
1933-10-16 12:00:00.000000000,10,0.20228359
1933-11-16 00:00:00.000000000,11,-0.0792426
1933-12-16 12:00:00.000000000,12,0.31111252
1934-01-16 12:00:00.000000000,1,0.4006304
1934-02-15 00:00:00.000000000,2,0.24260311
1934-03-16 12:00:00.000000000,3,0.11308615
1934-04-16 00:00:00.000000000,4,0.08769232
1934-05-16 12:00:00.000000000,5,0.39829373
1934-06-16 00:00:00.000000000,6,0.7809007
1934-07-16 12:00:00.000000000,7,1.2989088
1934-08-16 12:00:00.000000000,8,1.0078001
1934-09-16 00:00:00.000000000,9,0.6516504
1934-10-16 12:00:00.000000000,10,0.5689136
1934-11-16 00:00:00.000000000,11,0.26608658
1934-12-16 12:00:00.000000000,12,0.47837532
1935-01-16 12:00:00.000000000,1,0.53895116
1935-02-15 00:00:00.000000000,2,0.3190173
1935-03-16 12:00:00.000000000,3,0.06103453
1935-04-16 00:00:00.000000000,4,0.005818598
1935-05-16 12:00:00.000000000,5,-0.025239207
1935-06-16 00:00:00.000000000,6,0.08653749
1935-07-16 12:00:00.000000000,7,-0.03201703
1935-08-16 12:00:00.000000000,8,0.044581674
1935-09-16 00:00:00.000000000,9,0.04397833
1935-10-16 12:00:00.000000000,10,0.3176974
1935-11-16 00:00:00.000000000,11,0.34059387
1935-12-16 12:00:00.000000000,12,0.39402804
1936-01-16 12:00:00.000000000,1,0.41755185
1936-02-15 12:00:00.000000000,2,-0.020201236
1936-03-16 12:00:00.000000000,3,-0.18578708
1936-04-16 00:00:00.000000000,4,-0.12931575
1936-05-16 12:00:00.000000000,5,-0.38898376
1936-06-16 00:00:00.000000000,6,-0.90376294
1936-07-16 12:00:00.000000000,7,-1.2093134
1936-08-16 12:00:00.000000000,8,-0.45582315
1936-09-16 00:00:00.000000000,9,-0.02186431
1936-10-16 12:00:00.000000000,10,-0.026524268
1936-11-16 00:00:00.000000000,11,0.13738585
1936-12-16 12:00:00.000000000,12,0.18123555
1937-01-16 12:00:00.000000000,1,0.48267126
1937-02-15 00:00:00.000000000,2,0.5301912
1937-03-16 12:00:00.000000000,3,0.6430341
1937-04-16 00:00:00.000000000,4,0.6694052
1937-05-16 12:00:00.000000000,5,0.94101703
1937-06-16 00:00:00.000000000,6,0.69040763
1937-07-16 12:00:00.000000000,7,0.5879419
1937-08-16 12:00:00.000000000,8,0.49027997
1937-09-16 00:00:00.000000000,9,0.722981
1937-10-16 12:00:00.000000000,10,0.45011267
1937-11-16 00:00:00.000000000,11,0.65679836
1937-12-16 12:00:00.000000000,12,0.72169113
1938-01-16 12:00:00.000000000,1,0.6829668
1938-02-15 00:00:00.000000000,2,0.53012323
1938-03-16 12:00:00.000000000,3,0.70094955
1938-04-16 00:00:00.000000000,4,0.5249671
1938-05-16 12:00:00.000000000,5,0.27855468
1938-06-16 00:00:00.000000000,6,-0.13227117
1938-07-16 12:00:00.000000000,7,0.23353806
1938-08-16 12:00:00.000000000,8,0.4706305
1938-09-16 00:00:00.000000000,9,0.067517355
1938-10-16 12:00:00.000000000,10,0.3139246
1938-11-16 00:00:00.000000000,11,0.46188125
1938-12-16 12:00:00.000000000,12,0.45699826
1939-01-16 12:00:00.000000000,1,0.3375985
1939-02-15 00:00:00.000000000,2,-0.011051562
1939-03-16 12:00:00.000000000,3,0.099995
1939-04-16 00:00:00.000000000,4,0.23163664
1939-05-16 12:00:00.000000000,5,0.28072435
1939-06-16 00:00:00.000000000,6,0.85442895
1939-07-16 12:00:00.000000000,7,0.75868857
1939-08-16 12:00:00.000000000,8,0.5331445
1939-09-16 00:00:00.000000000,9,0.28307283
1939-10-16 12:00:00.000000000,10,-0.2886722
1939-11-16 00:00:00.000000000,11,-0.1516892
1939-12-16 12:00:00.000000000,12,0.035034798
1940-01-16 12:00:00.000000000,1,0.03132808
1940-02-15 12:00:00.000000000,2,0.18315332
1940-03-16 12:00:00.000000000,3,0.16312826
1940-04-16 00:00:00.000000000,4,0.008022308
1940-05-16 12:00:00.000000000,5,-0.2377739
1940-06-16 00:00:00.000000000,6,-0.5187077
1940-07-16 12:00:00.000000000,7,0.1380369
1940-08-16 12:00:00.000000000,8,0.34489796
1940-09-16 00:00:00.000000000,9,0.51837134
1940-10-16 12:00:00.000000000,10,0.14711976
1940-11-16 00:00:00.000000000,11,0.039027598
1940-12-16 12:00:00.000000000,12,-0.16401258
1941-01-16 12:00:00.000000000,1,-0.008494884
1941-02-15 00:00:00.000000000,2,0.14772424
1941-03-16 12:00:00.000000000,3,0.26129097
1941-04-16 00:00:00.000000000,4,0.4071121
1941-05-16 12:00:00.000000000,5,0.010349575
1941-06-16 00:00:00.000000000,6,0.18711938
1941-07-16 12:00:00.000000000,7,0.06637058
1941-08-16 12:00:00.000000000,8,0.06309138
1941-09-16 00:00:00.000000000,9,0.03927962
1941-10-16 12:00:00.000000000,10,0.1836566
1941-11-16 00:00:00.000000000,11,0.3062278
1941-12-16 12:00:00.000000000,12,0.44089192
1942-01-16 12:00:00.000000000,1,-0.18167014
1942-02-15 00:00:00.000000000,2,-0.40787748
1942-03-16 12:00:00.000000000,3,-0.2278347
1942-04-16 00:00:00.000000000,4,-0.34718674
1942-05-16 12:00:00.000000000,5,-0.13361385
1942-06-16 00:00:00.000000000,6,-0.113113984
1942-07-16 12:00:00.000000000,7,-0.32482538
1942-08-16 12:00:00.000000000,8,0.1093753
1942-09-16 00:00:00.000000000,9,0.33007374
1942-10-16 12:00:00.000000000,10,0.031744886
1942-11-16 00:00:00.000000000,11,-0.30174947
1942-12-16 12:00:00.000000000,12,-0.31052992
1943-01-16 12:00:00.000000000,1,-0.3922904
1943-02-15 00:00:00.000000000,2,-0.35944027
1943-03-16 12:00:00.000000000,3,-0.37604702
1943-04-16 00:00:00.000000000,4,-0.44576284
1943-05-16 12:00:00.000000000,5,-0.14890222
1943-06-16 00:00:00.000000000,6,0.08332211
1943-07-16 12:00:00.000000000,7,-0.11257441
1943-08-16 12:00:00.000000000,8,-0.07404092
1943-09-16 00:00:00.000000000,9,-0.5866594
1943-10-16 12:00:00.000000000,10,0.05253245
1943-11-16 00:00:00.000000000,11,0.10398746
1943-12-16 12:00:00.000000000,12,-0.30725148
1944-01-16 12:00:00.000000000,1,0.004505451
1944-02-15 12:00:00.000000000,2,0.42969483
1944-03-16 12:00:00.000000000,3,0.8130228
1944-04-16 00:00:00.000000000,4,1.1516454
1944-05-16 12:00:00.000000000,5,1.2562226
1944-06-16 00:00:00.000000000,6,1.1752936
1944-07-16 12:00:00.000000000,7,1.221928
1944-08-16 12:00:00.000000000,8,0.48295277
1944-09-16 00:00:00.000000000,9,0.20467973
1944-10-16 12:00:00.000000000,10,0.55207443
1944-11-16 00:00:00.000000000,11,0.39925987
1944-12-16 12:00:00.000000000,12,0.42149207
1945-01-16 12:00:00.000000000,1,0.79368025
1945-02-15 00:00:00.000000000,2,1.1278492
1945-03-16 12:00:00.000000000,3,0.8334797
1945-04-16 00:00:00.000000000,4,0.83966
1945-05-16 12:00:00.000000000,5,0.20533313
1945-06-16 00:00:00.000000000,6,0.1985453
1945-07-16 12:00:00.000000000,7,-0.3018702
1945-08-16 12:00:00.000000000,8,-1.073216
1945-09-16 00:00:00.000000000,9,-0.9392491
1945-10-16 12:00:00.000000000,10,-0.85775876
1945-11-16 00:00:00.000000000,11,0.26506793
1945-12-16 12:00:00.000000000,12,0.2695145
1946-01-16 12:00:00.000000000,1,0.41892606
1946-02-15 00:00:00.000000000,2,0.6161733
1946-03-16 12:00:00.000000000,3,0.1844412
1946-04-16 00:00:00.000000000,4,-0.08759588
1946-05-16 12:00:00.000000000,5,-0.590175
1946-06-16 00:00:00.000000000,6,-0.8056533
1946-07-16 12:00:00.000000000,7,-0.6734709
1946-08-16 12:00:00.000000000,8,-0.80661315
1946-09-16 00:00:00.000000000,9,-0.6155265
1946-10-16 12:00:00.000000000,10,-0.29986894
1946-11-16 00:00:00.000000000,11,-0.06088315
1946-12-16 12:00:00.000000000,12,0.28667042
1947-01-16 12:00:00.000000000,1,-0.041412573
1947-02-15 00:00:00.000000000,2,-0.03787625
1947-03-16 12:00:00.000000000,3,0.054708663
1947-04-16 00:00:00.000000000,4,-0.1759017
1947-05-16 12:00:00.000000000,5,-0.18579258
1947-06-16 00:00:00.000000000,6,0.2184648
1947-07-16 12:00:00.000000000,7,0.23570442
1947-08-16 12:00:00.000000000,8,0.26679927
1947-09-16 00:00:00.000000000,9,0.18479945
1947-10-16 12:00:00.000000000,10,0.32808235
1947-11-16 00:00:00.000000000,11,0.5090685
1947-12-16 12:00:00.000000000,12,0.07120262
1948-01-16 12:00:00.000000000,1,-0.25685143
1948-02-15 12:00:00.000000000,2,-0.33444378
1948-03-16 12:00:00.000000000,3,0.18699193
1948-04-16 00:00:00.000000000,4,-0.23155475
1948-05-16 12:00:00.000000000,5,-0.44913283
1948-06-16 00:00:00.000000000,6,-0.6179008
1948-07-16 12:00:00.000000000,7,-0.32383993
1948-08-16 12:00:00.000000000,8,-0.43569
1948-09-16 00:00:00.000000000,9,-0.3946214
1948-10-16 12:00:00.000000000,10,-0.1512759
1948-11-16 00:00:00.000000000,11,-0.1464445
1948-12-16 12:00:00.000000000,12,-0.072386
1949-01-16 12:00:00.000000000,1,-0.1829381
1949-02-15 00:00:00.000000000,2,0.12085143
1949-03-16 12:00:00.000000000,3,0.12761651
1949-04-16 00:00:00.000000000,4,0.29714555
1949-05-16 12:00:00.000000000,5,0.320989
1949-06-16 00:00:00.000000000,6,0.30580235
1949-07-16 12:00:00.000000000,7,0.6265226
1949-08-16 12:00:00.000000000,8,0.6646534
1949-09-16 00:00:00.000000000,9,0.6825691
1949-10-16 12:00:00.000000000,10,0.3373052
1949-11-16 00:00:00.000000000,11,0.20402575
1949-12-16 12:00:00.000000000,12,0.10636172
1950-01-16 12:00:00.000000000,1,0.2286863
1950-02-15 00:00:00.000000000,2,0.13669837
1950-03-16 12:00:00.000000000,3,0.32788807
1950-04-16 00:00:00.000000000,4,-0.0052122194
1950-05-16 12:00:00.000000000,5,0.33219302
1950-06-16 00:00:00.000000000,6,0.11931689
1950-07-16 12:00:00.000000000,7,0.017349768
1950-08-16 12:00:00.000000000,8,-0.41446316
1950-09-16 00:00:00.000000000,9,-0.77028954
1950-10-16 12:00:00.000000000,10,-0.6270943
1950-11-16 00:00:00.000000000,11,-0.6387654
1950-12-16 12:00:00.000000000,12,-1.0044906
1951-01-16 12:00:00.000000000,1,-0.82331985
1951-02-15 00:00:00.000000000,2,-0.70394224
1951-03-16 12:00:00.000000000,3,-0.9206145
1951-04-16 00:00:00.000000000,4,-0.6308294
1951-05-16 12:00:00.000000000,5,-0.46983624
1951-06-16 00:00:00.000000000,6,-0.021643788
1951-07-16 12:00:00.000000000,7,0.5398092
1951-08-16 12:00:00.000000000,8,0.49263042
1951-09-16 00:00:00.000000000,9,0.4465305
1951-10-16 12:00:00.000000000,10,0.45087305
1951-11-16 00:00:00.000000000,11,0.3016966
1951-12-16 12:00:00.000000000,12,0.6338328
1952-01-16 12:00:00.000000000,1,0.21691516
1952-02-15 12:00:00.000000000,2,0.026768431
1952-03-16 12:00:00.000000000,3,-0.011338066
1952-04-16 00:00:00.000000000,4,0.26629683
1952-05-16 12:00:00.000000000,5,-0.037059586
1952-06-16 00:00:00.000000000,6,0.12406714
1952-07-16 12:00:00.000000000,7,0.124312565
1952-08-16 12:00:00.000000000,8,-0.14113727
1952-09-16 00:00:00.000000000,9,0.076711215
1952-10-16 12:00:00.000000000,10,-0.044695165
1952-11-16 00:00:00.000000000,11,-0.22170924
1952-12-16 12:00:00.000000000,12,-0.20786406
1953-01-16 12:00:00.000000000,1,-0.4411664
1953-02-15 00:00:00.000000000,2,-0.4291333
1953-03-16 12:00:00.000000000,3,-0.070766434
1953-04-16 00:00:00.000000000,4,-0.4153331
1953-05-16 12:00:00.000000000,5,-0.12276234
1953-06-16 00:00:00.000000000,6,-0.060165286
1953-07-16 12:00:00.000000000,7,0.21191493
1953-08-16 12:00:00.000000000,8,0.20364922
1953-09-16 00:00:00.000000000,9,0.17092334
1953-10-16 12:00:00.000000000,10,0.033276327
1953-11-16 00:00:00.000000000,11,-0.120891884
1953-12-16 12:00:00.000000000,12,-0.23801477
1954-01-16 12:00:00.000000000,1,-0.39250776
1954-02-15 00:00:00.000000000,2,-0.54506123
1954-03-16 12:00:00.000000000,3,-0.4603875
1954-04-16 00:00:00.000000000,4,-0.50068223
1954-05-16 12:00:00.000000000,5,-0.7411445
1954-06-16 00:00:00.000000000,6,-0.9746531
1954-07-16 12:00:00.000000000,7,-1.0304915
1954-08-16 12:00:00.000000000,8,-0.49081925
1954-09-16 00:00:00.000000000,9,0.035265833
1954-10-16 12:00:00.000000000,10,0.2715987
1954-11-16 00:00:00.000000000,11,0.13904868
1954-12-16 12:00:00.000000000,12,0.015299313
1955-01-16 12:00:00.000000000,1,-0.28872526
1955-02-15 00:00:00.000000000,2,-0.48732832
1955-03-16 12:00:00.000000000,3,-0.36054304
1955-04-16 00:00:00.000000000,4,-0.4490811
1955-05-16 12:00:00.000000000,5,-0.104115546
1955-06-16 00:00:00.000000000,6,-0.41665423
1955-07-16 12:00:00.000000000,7,-0.27843666
1955-08-16 12:00:00.000000000,8,-0.16639787
1955-09-16 00:00:00.000000000,9,-0.22076097
1955-10-16 12:00:00.000000000,10,0.043574117
1955-11-16 00:00:00.000000000,11,0.084733635
1955-12-16 12:00:00.000000000,12,-0.41906574
1956-01-16 12:00:00.000000000,1,-0.6431767
1956-02-15 12:00:00.000000000,2,-0.62154114
1956-03-16 12:00:00.000000000,3,-0.6285807
1956-04-16 00:00:00.000000000,4,-0.40676233
1956-05-16 12:00:00.000000000,5,-0.2975009
1956-06-16 00:00:00.000000000,6,-0.65101445
1956-07-16 12:00:00.000000000,7,-0.4161418
1956-08-16 12:00:00.000000000,8,-0.16459143
1956-09-16 00:00:00.000000000,9,-0.015748095
1956-10-16 12:00:00.000000000,10,-0.32158253
1956-11-16 00:00:00.000000000,11,-0.33265105
1956-12-16 12:00:00.000000000,12,-0.76781845
1957-01-16 12:00:00.000000000,1,-0.63741744
1957-02-15 00:00:00.000000000,2,-0.27351326
1957-03-16 12:00:00.000000000,3,-0.23722214
1957-04-16 00:00:00.000000000,4,-0.062092025
1957-05-16 12:00:00.000000000,5,-0.23544331
1957-06-16 00:00:00.000000000,6,-0.0017021298
1957-07-16 12:00:00.000000000,7,-0.39267653
1957-08-16 12:00:00.000000000,8,-0.18902993
1957-09-16 00:00:00.000000000,9,-0.45706797
1957-10-16 12:00:00.000000000,10,-0.39286366
1957-11-16 00:00:00.000000000,11,-0.1669038
1957-12-16 12:00:00.000000000,12,-0.11627999
1958-01-16 12:00:00.000000000,1,-0.2389208
1958-02-15 00:00:00.000000000,2,-0.12456194
1958-03-16 12:00:00.000000000,3,-0.47705293
1958-04-16 00:00:00.000000000,4,-0.6468001
1958-05-16 12:00:00.000000000,5,-1.554607
1958-06-16 00:00:00.000000000,6,-1.6977547
1958-07-16 12:00:00.000000000,7,-1.0342735
1958-08-16 12:00:00.000000000,8,-1.0615016
1958-09-16 00:00:00.000000000,9,-0.9099964
1958-10-16 12:00:00.000000000,10,-0.6809089
1958-11-16 00:00:00.000000000,11,-0.45853463
1958-12-16 12:00:00.000000000,12,-0.13749357
1959-01-16 12:00:00.000000000,1,-0.17901403
1959-02-15 00:00:00.000000000,2,0.0786532
1959-03-16 12:00:00.000000000,3,0.24029315
1959-04-16 00:00:00.000000000,4,0.38287392
1959-05-16 12:00:00.000000000,5,0.107669875
1959-06-16 00:00:00.000000000,6,0.1518491
1959-07-16 12:00:00.000000000,7,-0.14773944
1959-08-16 12:00:00.000000000,8,-0.12915075
1959-09-16 00:00:00.000000000,9,0.3377453
1959-10-16 12:00:00.000000000,10,0.11895378
1959-11-16 00:00:00.000000000,11,-0.065129995
1959-12-16 12:00:00.000000000,12,0.027127534
1960-01-16 12:00:00.000000000,1,-0.27573895
1960-02-15 12:00:00.000000000,2,-0.36260793
1960-03-16 12:00:00.000000000,3,-0.32110405
1960-04-16 00:00:00.000000000,4,-0.2583934
1960-05-16 12:00:00.000000000,5,-0.11280005
1960-06-16 00:00:00.000000000,6,-0.14163543
1960-07-16 12:00:00.000000000,7,0.2442503
1960-08-16 12:00:00.000000000,8,0.22242457
1960-09-16 00:00:00.000000000,9,0.36196038
1960-10-16 12:00:00.000000000,10,0.38393015
1960-11-16 00:00:00.000000000,11,0.6187733
1960-12-16 12:00:00.000000000,12,0.40238
1961-01-16 12:00:00.000000000,1,0.2678495
1961-02-15 00:00:00.000000000,2,0.34132308
1961-03-16 12:00:00.000000000,3,0.23788685
1961-04-16 00:00:00.000000000,4,0.34488165
1961-05-16 12:00:00.000000000,5,0.62275094
1961-06-16 00:00:00.000000000,6,-0.017168693
1961-07-16 12:00:00.000000000,7,-0.63196665
1961-08-16 12:00:00.000000000,8,-0.5280105
1961-09-16 00:00:00.000000000,9,-0.14108554
1961-10-16 12:00:00.000000000,10,0.22001004
1961-11-16 00:00:00.000000000,11,0.12992474
1961-12-16 12:00:00.000000000,12,0.025236472
1962-01-16 12:00:00.000000000,1,0.050126284
1962-02-15 00:00:00.000000000,2,0.11600627
1962-03-16 12:00:00.000000000,3,0.044598937
1962-04-16 00:00:00.000000000,4,-0.0005427003
1962-05-16 12:00:00.000000000,5,0.19373178
1962-06-16 00:00:00.000000000,6,0.06704275
1962-07-16 12:00:00.000000000,7,-0.24179423
1962-08-16 12:00:00.000000000,8,-0.073014796
1962-09-16 00:00:00.000000000,9,-0.22734693
1962-10-16 12:00:00.000000000,10,0.08083424
1962-11-16 00:00:00.000000000,11,0.11234012
1962-12-16 12:00:00.000000000,12,-0.0012882352
1963-01-16 12:00:00.000000000,1,0.12653759
1963-02-15 00:00:00.000000000,2,0.1259372
1963-03-16 12:00:00.000000000,3,0.3723765
1963-04-16 00:00:00.000000000,4,0.39807552
1963-05-16 12:00:00.000000000,5,0.7719458
1963-06-16 00:00:00.000000000,6,1.1576359
1963-07-16 12:00:00.000000000,7,1.3631305
1963-08-16 12:00:00.000000000,8,1.4687735
1963-09-16 00:00:00.000000000,9,1.0533481
1963-10-16 12:00:00.000000000,10,0.91618454
1963-11-16 00:00:00.000000000,11,0.7641504
1963-12-16 12:00:00.000000000,12,0.7651085
1964-01-16 12:00:00.000000000,1,0.73781115
1964-02-15 12:00:00.000000000,2,0.27658913
1964-03-16 12:00:00.000000000,3,0.27515784
1964-04-16 00:00:00.000000000,4,0.027215421
1964-05-16 12:00:00.000000000,5,-0.45890012
1964-06-16 00:00:00.000000000,6,-0.6434596
1964-07-16 12:00:00.000000000,7,-0.6119598
1964-08-16 12:00:00.000000000,8,-0.7263946
1964-09-16 00:00:00.000000000,9,-1.1130809
1964-10-16 12:00:00.000000000,10,-1.4508519
1964-11-16 00:00:00.000000000,11,-1.1460685
1964-12-16 12:00:00.000000000,12,-1.1392342
1965-01-16 12:00:00.000000000,1,-0.9018557
1965-02-15 00:00:00.000000000,2,-0.8334374
1965-03-16 12:00:00.000000000,3,-0.06796423
1965-04-16 00:00:00.000000000,4,-0.18613912
1965-05-16 12:00:00.000000000,5,-0.250543
1965-06-16 00:00:00.000000000,6,-0.49163938
1965-07-16 12:00:00.000000000,7,-1.0919532
1965-08-16 12:00:00.000000000,8,-0.5131012
1965-09-16 00:00:00.000000000,9,-0.2044999
1965-10-16 12:00:00.000000000,10,-0.7137305
1965-11-16 00:00:00.000000000,11,-0.6741663
1965-12-16 12:00:00.000000000,12,-0.610813
1966-01-16 12:00:00.000000000,1,-0.3484807
1966-02-15 00:00:00.000000000,2,-0.23630725
1966-03-16 12:00:00.000000000,3,-0.23712015
1966-04-16 00:00:00.000000000,4,0.013745397
1966-05-16 12:00:00.000000000,5,0.34269977
1966-06-16 00:00:00.000000000,6,0.9222976
1966-07-16 12:00:00.000000000,7,0.5582719
1966-08-16 12:00:00.000000000,8,-0.06150116
1966-09-16 00:00:00.000000000,9,-0.054625094
1966-10-16 12:00:00.000000000,10,-0.07232784
1966-11-16 00:00:00.000000000,11,0.14869937
1966-12-16 12:00:00.000000000,12,0.49860907
1967-01-16 12:00:00.000000000,1,0.22245538
1967-02-15 00:00:00.000000000,2,0.24348035
1967-03-16 12:00:00.000000000,3,-0.08034064
1967-04-16 00:00:00.000000000,4,-0.034162343
1967-05-16 12:00:00.000000000,5,-0.21000913
1967-06-16 00:00:00.000000000,6,-0.7062975
1967-07-16 12:00:00.000000000,7,-1.3769817
1967-08-16 12:00:00.000000000,8,-0.82848185
1967-09-16 00:00:00.000000000,9,-0.73752123
1967-10-16 12:00:00.000000000,10,-0.9007604
1967-11-16 00:00:00.000000000,11,-0.8903797
1967-12-16 12:00:00.000000000,12,-0.80763304
1968-01-16 12:00:00.000000000,1,-0.43838096
1968-02-15 12:00:00.000000000,2,-0.5030724
1968-03-16 12:00:00.000000000,3,-0.44112688
1968-04-16 00:00:00.000000000,4,-0.13273431
1968-05-16 12:00:00.000000000,5,0.37211072
1968-06-16 00:00:00.000000000,6,1.1218771
1968-07-16 12:00:00.000000000,7,1.5237507
1968-08-16 12:00:00.000000000,8,0.50418895
1968-09-16 00:00:00.000000000,9,0.5501404
1968-10-16 12:00:00.000000000,10,0.49162668
1968-11-16 00:00:00.000000000,11,0.46341705
1968-12-16 12:00:00.000000000,12,0.30353808
1969-01-16 12:00:00.000000000,1,0.2661807
1969-02-15 00:00:00.000000000,2,0.40807718
1969-03-16 12:00:00.000000000,3,0.31905305
1969-04-16 00:00:00.000000000,4,0.20236948
1969-05-16 12:00:00.000000000,5,0.18863985
1969-06-16 00:00:00.000000000,6,-0.5777004
1969-07-16 12:00:00.000000000,7,-0.7669565
1969-08-16 12:00:00.000000000,8,-0.49543685
1969-09-16 00:00:00.000000000,9,-0.4599722
1969-10-16 12:00:00.000000000,10,-0.3472951
1969-11-16 00:00:00.000000000,11,-0.3605767
1969-12-16 12:00:00.000000000,12,-0.24669293
1970-01-16 12:00:00.000000000,1,-0.29859596
1970-02-15 00:00:00.000000000,2,-0.19616859
1970-03-16 12:00:00.000000000,3,-0.039325178
1970-04-16 00:00:00.000000000,4,-0.060900226
1970-05-16 12:00:00.000000000,5,-0.093193
1970-06-16 00:00:00.000000000,6,-0.4847964
1970-07-16 12:00:00.000000000,7,-0.22356476
1970-08-16 12:00:00.000000000,8,0.09394908
1970-09-16 00:00:00.000000000,9,-0.10369293
1970-10-16 12:00:00.000000000,10,-0.21043122
1970-11-16 00:00:00.000000000,11,-0.21210524
1970-12-16 12:00:00.000000000,12,-0.5180074
1971-01-16 12:00:00.000000000,1,-0.39427078
1971-02-15 00:00:00.000000000,2,-0.49089694
1971-03-16 12:00:00.000000000,3,-0.20777678
1971-04-16 00:00:00.000000000,4,-0.06830578
1971-05-16 12:00:00.000000000,5,0.48715556
1971-06-16 00:00:00.000000000,6,0.10526368
1971-07-16 12:00:00.000000000,7,-0.35923934
1971-08-16 12:00:00.000000000,8,-0.5092815
1971-09-16 00:00:00.000000000,9,-0.35712892
1971-10-16 12:00:00.000000000,10,-0.5351101
1971-11-16 00:00:00.000000000,11,-1.0216144
1971-12-16 12:00:00.000000000,12,-1.0612503
1972-01-16 12:00:00.000000000,1,-0.5314702
1972-02-15 12:00:00.000000000,2,-0.45474294
1972-03-16 12:00:00.000000000,3,-0.45570105
1972-04-16 00:00:00.000000000,4,-0.13588753
1972-05-16 12:00:00.000000000,5,-0.24058421
1972-06-16 00:00:00.000000000,6,-0.10702796
1972-07-16 12:00:00.000000000,7,-0.025556535
1972-08-16 12:00:00.000000000,8,-0.42104894
1972-09-16 00:00:00.000000000,9,-0.35716093
1972-10-16 12:00:00.000000000,10,0.06454606
1972-11-16 00:00:00.000000000,11,0.29624137
1972-12-16 12:00:00.000000000,12,0.7692941
1973-01-16 12:00:00.000000000,1,0.5915287
1973-02-15 00:00:00.000000000,2,0.6079205
1973-03-16 12:00:00.000000000,3,0.23910126
1973-04-16 00:00:00.000000000,4,0.41298562
1973-05-16 12:00:00.000000000,5,0.6113595
1973-06-16 00:00:00.000000000,6,-0.08670866
1973-07-16 12:00:00.000000000,7,0.28273973
1973-08-16 12:00:00.000000000,8,0.6956924
1973-09-16 00:00:00.000000000,9,0.58404964
1973-10-16 12:00:00.000000000,10,0.50896096
1973-11-16 00:00:00.000000000,11,0.31046352
1973-12-16 12:00:00.000000000,12,-0.033029914
1974-01-16 12:00:00.000000000,1,-0.03604999
1974-02-15 00:00:00.000000000,2,0.09024638
1974-03-16 12:00:00.000000000,3,0.072806865
1974-04-16 00:00:00.000000000,4,0.14521483
1974-05-16 12:00:00.000000000,5,0.46221048
1974-06-16 00:00:00.000000000,6,0.69726
1974-07-16 12:00:00.000000000,7,0.53588474
1974-08-16 12:00:00.000000000,8,0.22539097
1974-09-16 00:00:00.000000000,9,-0.19731997
1974-10-16 12:00:00.000000000,10,-0.43256438
1974-11-16 00:00:00.000000000,11,-0.3555342
1974-12-16 12:00:00.000000000,12,-0.5267185
1975-01-16 12:00:00.000000000,1,-0.42404038
1975-02-15 00:00:00.000000000,2,-0.35789573
1975-03-16 12:00:00.000000000,3,-0.36020172
1975-04-16 00:00:00.000000000,4,-0.2035092
1975-05-16 12:00:00.000000000,5,-0.041530848
1975-06-16 00:00:00.000000000,6,0.115344256
1975-07-16 12:00:00.000000000,7,-0.36815143
1975-08-16 12:00:00.000000000,8,-0.5778091
1975-09-16 00:00:00.000000000,9,-0.4223842
1975-10-16 12:00:00.000000000,10,-0.43659163
1975-11-16 00:00:00.000000000,11,-0.15708537
1975-12-16 12:00:00.000000000,12,-0.4801394
1976-01-16 12:00:00.000000000,1,-0.45236328
1976-02-15 12:00:00.000000000,2,-0.39440936
1976-03-16 12:00:00.000000000,3,-0.4984682
1976-04-16 00:00:00.000000000,4,-0.73799837
1976-05-16 12:00:00.000000000,5,-0.8022809
1976-06-16 00:00:00.000000000,6,-0.75835633
1976-07-16 12:00:00.000000000,7,-1.1600877
1976-08-16 12:00:00.000000000,8,-0.90528
1976-09-16 00:00:00.000000000,9,-0.7218353
1976-10-16 12:00:00.000000000,10,-0.8835963
1976-11-16 00:00:00.000000000,11,-0.8366959
1976-12-16 12:00:00.000000000,12,-0.64689434
1977-01-16 12:00:00.000000000,1,-0.6713352
1977-02-15 00:00:00.000000000,2,-0.32215565
1977-03-16 12:00:00.000000000,3,-0.32635176
1977-04-16 00:00:00.000000000,4,-0.20362224
1977-05-16 12:00:00.000000000,5,-0.24059714
1977-06-16 00:00:00.000000000,6,-0.38560057
1977-07-16 12:00:00.000000000,7,-0.6812507
1977-08-16 12:00:00.000000000,8,-0.16380763
1977-09-16 00:00:00.000000000,9,0.17550144
1977-10-16 12:00:00.000000000,10,-0.26950055
1977-11-16 00:00:00.000000000,11,-0.1527859
1977-12-16 12:00:00.000000000,12,-0.34728867
1978-01-16 12:00:00.000000000,1,-0.51045513
1978-02-15 00:00:00.000000000,2,-0.60074663
1978-03-16 12:00:00.000000000,3,-0.85200423
1978-04-16 00:00:00.000000000,4,-0.7655645
1978-05-16 12:00:00.000000000,5,-0.82516766
1978-06-16 00:00:00.000000000,6,-0.7016969
1978-07-16 12:00:00.000000000,7,-0.37552905
1978-08-16 12:00:00.000000000,8,-0.5750525
1978-09-16 00:00:00.000000000,9,-0.56427133
1978-10-16 12:00:00.000000000,10,-0.4987975
1978-11-16 00:00:00.000000000,11,-0.48416635
1978-12-16 12:00:00.000000000,12,-0.27959898
1979-01-16 12:00:00.000000000,1,-0.114424415
1979-02-15 00:00:00.000000000,2,-0.40453345
1979-03-16 12:00:00.000000000,3,-0.32553864
1979-04-16 00:00:00.000000000,4,-0.14911254
1979-05-16 12:00:00.000000000,5,-0.19664514
1979-06-16 00:00:00.000000000,6,-0.13827856
1979-07-16 12:00:00.000000000,7,0.2879914
1979-08-16 12:00:00.000000000,8,0.36287683
1979-09-16 00:00:00.000000000,9,0.39021772
1979-10-16 12:00:00.000000000,10,0.15338525
1979-11-16 00:00:00.000000000,11,0.3613209
1979-12-16 12:00:00.000000000,12,0.10337588
1980-01-16 12:00:00.000000000,1,-0.08831015
1980-02-15 12:00:00.000000000,2,-0.3838312
1980-03-16 12:00:00.000000000,3,-0.5105448
1980-04-16 00:00:00.000000000,4,-0.2850142
1980-05-16 12:00:00.000000000,5,-0.37211764
1980-06-16 00:00:00.000000000,6,-0.49100348
1980-07-16 12:00:00.000000000,7,-0.20600618
1980-08-16 12:00:00.000000000,8,-0.19176647
1980-09-16 00:00:00.000000000,9,0.12084317
1980-10-16 12:00:00.000000000,10,-0.154931
1980-11-16 00:00:00.000000000,11,-0.27154818
1980-12-16 12:00:00.000000000,12,-0.6412375
1981-01-16 12:00:00.000000000,1,-0.46136302
1981-02-15 00:00:00.000000000,2,-0.47996187
1981-03-16 12:00:00.000000000,3,-0.5148194
1981-04-16 00:00:00.000000000,4,-0.29085872
1981-05-16 12:00:00.000000000,5,-0.28669065
1981-06-16 00:00:00.000000000,6,0.113040864
1981-07-16 12:00:00.000000000,7,-0.20447707
1981-08-16 12:00:00.000000000,8,0.3692783
1981-09-16 00:00:00.000000000,9,0.4730867
1981-10-16 12:00:00.000000000,10,0.73485136
1981-11-16 00:00:00.000000000,11,0.39011103
1981-12-16 12:00:00.000000000,12,0.2964512
1982-01-16 12:00:00.000000000,1,0.22751522
1982-02-15 00:00:00.000000000,2,0.1325506
1982-03-16 12:00:00.000000000,3,0.07966411
1982-04-16 00:00:00.000000000,4,-0.25768837
1982-05-16 12:00:00.000000000,5,-0.53408253
1982-06-16 00:00:00.000000000,6,-0.94541883
1982-07-16 12:00:00.000000000,7,-1.0223309
1982-08-16 12:00:00.000000000,8,-0.92258483
1982-09-16 00:00:00.000000000,9,-0.64005816
1982-10-16 12:00:00.000000000,10,-0.46673268
1982-11-16 00:00:00.000000000,11,-0.77597135
1982-12-16 12:00:00.000000000,12,-0.8442564
1983-01-16 12:00:00.000000000,1,-0.4154045
1983-02-15 00:00:00.000000000,2,-0.14629294
1983-03-16 12:00:00.000000000,3,-0.44984257
1983-04-16 00:00:00.000000000,4,-0.737594
1983-05-16 12:00:00.000000000,5,-1.1152879
1983-06-16 00:00:00.000000000,6,-1.0072778
1983-07-16 12:00:00.000000000,7,-0.6425706
1983-08-16 12:00:00.000000000,8,-0.37965238
1983-09-16 00:00:00.000000000,9,-0.45795947
1983-10-16 12:00:00.000000000,10,-0.5357857
1983-11-16 00:00:00.000000000,11,-0.46432036
1983-12-16 12:00:00.000000000,12,-0.07838482
1984-01-16 12:00:00.000000000,1,-0.20904034
1984-02-15 12:00:00.000000000,2,0.06693992
1984-03-16 12:00:00.000000000,3,0.44169557
1984-04-16 00:00:00.000000000,4,0.28703952
1984-05-16 12:00:00.000000000,5,0.13309339
1984-06-16 00:00:00.000000000,6,0.3444568
1984-07-16 12:00:00.000000000,7,0.4285133
1984-08-16 12:00:00.000000000,8,0.73416793
1984-09-16 00:00:00.000000000,9,0.9279925
1984-10-16 12:00:00.000000000,10,0.544536
1984-11-16 00:00:00.000000000,11,0.11971426
1984-12-16 12:00:00.000000000,12,-0.0054314435
1985-01-16 12:00:00.000000000,1,0.04969138
1985-02-15 00:00:00.000000000,2,0.08475417
1985-03-16 12:00:00.000000000,3,-0.21537372
1985-04-16 00:00:00.000000000,4,0.040275276
1985-05-16 12:00:00.000000000,5,-0.038801447
1985-06-16 00:00:00.000000000,6,-0.32474267
1985-07-16 12:00:00.000000000,7,0.12770745
1985-08-16 12:00:00.000000000,8,0.039068222
1985-09-16 00:00:00.000000000,9,-0.26729107
1985-10-16 12:00:00.000000000,10,0.0019087493
1985-11-16 00:00:00.000000000,11,-0.10943885
1985-12-16 12:00:00.000000000,12,-0.015188262
1986-01-16 12:00:00.000000000,1,-0.25492153
1986-02-15 00:00:00.000000000,2,0.1602487
1986-03-16 12:00:00.000000000,3,0.111893356
1986-04-16 00:00:00.000000000,4,0.20903295
1986-05-16 12:00:00.000000000,5,-0.037846595
1986-06-16 00:00:00.000000000,6,0.28830683
1986-07-16 12:00:00.000000000,7,-0.3074305
1986-08-16 12:00:00.000000000,8,-0.43964761
1986-09-16 00:00:00.000000000,9,-0.16602089
1986-10-16 12:00:00.000000000,10,-0.47401506
1986-11-16 00:00:00.000000000,11,-0.8505484
1986-12-16 12:00:00.000000000,12,-0.77166677
1987-01-16 12:00:00.000000000,1,-0.72158575
1987-02-15 00:00:00.000000000,2,-0.51054835
1987-03-16 12:00:00.000000000,3,-0.33471477
1987-04-16 00:00:00.000000000,4,-0.21134791
1987-05-16 12:00:00.000000000,5,-0.054383755
1987-06-16 00:00:00.000000000,6,0.3500499
1987-07-16 12:00:00.000000000,7,0.8603976
1987-08-16 12:00:00.000000000,8,0.7637002
1987-09-16 00:00:00.000000000,9,0.5154753
1987-10-16 12:00:00.000000000,10,0.28335953
1987-11-16 00:00:00.000000000,11,0.6401718
1987-12-16 12:00:00.000000000,12,0.2726112
1988-01-16 12:00:00.000000000,1,0.42204797
1988-02-15 12:00:00.000000000,2,0.3910836
1988-03-16 12:00:00.000000000,3,0.4102347
1988-04-16 00:00:00.000000000,4,0.513742
1988-05-16 12:00:00.000000000,5,0.7498787
1988-06-16 00:00:00.000000000,6,0.9999553
1988-07-16 12:00:00.000000000,7,0.6912084
1988-08-16 12:00:00.000000000,8,0.67981553
1988-09-16 00:00:00.000000000,9,0.4471956
1988-10-16 12:00:00.000000000,10,0.36880314
1988-11-16 00:00:00.000000000,11,0.17181078
1988-12-16 12:00:00.000000000,12,-0.0011433661
1989-01-16 12:00:00.000000000,1,-0.011535168
1989-02-15 00:00:00.000000000,2,-0.093636304
1989-03-16 12:00:00.000000000,3,-0.1537182
1989-04-16 00:00:00.000000000,4,0.2503416
1989-05-16 12:00:00.000000000,5,0.19727278
1989-06-16 00:00:00.000000000,6,0.053054303
1989-07-16 12:00:00.000000000,7,0.08758688
1989-08-16 12:00:00.000000000,8,0.3244251
1989-09-16 00:00:00.000000000,9,-0.026839703
1989-10-16 12:00:00.000000000,10,0.14235294
1989-11-16 00:00:00.000000000,11,-0.18151289
1989-12-16 12:00:00.000000000,12,-0.43325374
1990-01-16 12:00:00.000000000,1,-0.56224155
1990-02-15 00:00:00.000000000,2,-0.1433344
1990-03-16 12:00:00.000000000,3,0.03660646
1990-04-16 00:00:00.000000000,4,0.10539523
1990-05-16 12:00:00.000000000,5,-0.34402663
1990-06-16 00:00:00.000000000,6,-0.13832487
1990-07-16 12:00:00.000000000,7,-0.5089911
1990-08-16 12:00:00.000000000,8,-0.35964745
1990-09-16 00:00:00.000000000,9,-0.07860753
1990-10-16 12:00:00.000000000,10,0.16936758
1990-11-16 00:00:00.000000000,11,0.13746193
1990-12-16 12:00:00.000000000,12,0.12647909
1991-01-16 12:00:00.000000000,1,0.095853984
1991-02-15 00:00:00.000000000,2,0.043486834
1991-03-16 12:00:00.000000000,3,0.32780224
1991-04-16 00:00:00.000000000,4,0.28413337
1991-05-16 12:00:00.000000000,5,0.54723555
1991-06-16 00:00:00.000000000,6,0.7828536
1991-07-16 12:00:00.000000000,7,0.28586006
1991-08-16 12:00:00.000000000,8,-0.35520393
1991-09-16 00:00:00.000000000,9,-0.54616463
1991-10-16 12:00:00.000000000,10,-0.66836834
1991-11-16 00:00:00.000000000,11,-0.7093251
1991-12-16 12:00:00.000000000,12,-0.77653885
1992-01-16 12:00:00.000000000,1,-0.67580235
1992-02-15 12:00:00.000000000,2,-0.22586891
1992-03-16 12:00:00.000000000,3,-0.41452852
1992-04-16 00:00:00.000000000,4,-0.7572708
1992-05-16 12:00:00.000000000,5,-1.2606732
1992-06-16 00:00:00.000000000,6,-1.2700704
1992-07-16 12:00:00.000000000,7,-0.8483106
1992-08-16 12:00:00.000000000,8,-0.7340338
1992-09-16 00:00:00.000000000,9,-0.647351
1992-10-16 12:00:00.000000000,10,-0.46782863
1992-11-16 00:00:00.000000000,11,-0.6828413
1992-12-16 12:00:00.000000000,12,-0.36996284
1993-01-16 12:00:00.000000000,1,-0.42077744
1993-02-15 00:00:00.000000000,2,-0.4981168
1993-03-16 12:00:00.000000000,3,-0.5908083
1993-04-16 00:00:00.000000000,4,-0.06970306
1993-05-16 12:00:00.000000000,5,-0.27043274
1993-06-16 00:00:00.000000000,6,-0.3361664
1993-07-16 12:00:00.000000000,7,-0.2644036
1993-08-16 12:00:00.000000000,8,-0.2263511
1993-09-16 00:00:00.000000000,9,0.22778046
1993-10-16 12:00:00.000000000,10,0.5310811
1993-11-16 00:00:00.000000000,11,0.73718596
1993-12-16 12:00:00.000000000,12,0.31276065
1994-01-16 12:00:00.000000000,1,0.17708516
1994-02-15 00:00:00.000000000,2,-0.074655935
1994-03-16 12:00:00.000000000,3,0.013247579
1994-04-16 00:00:00.000000000,4,-0.039377034
1994-05-16 12:00:00.000000000,5,-0.26379782
1994-06-16 00:00:00.000000000,6,-0.81612456
1994-07-16 12:00:00.000000000,7,-0.90294635
1994-08-16 12:00:00.000000000,8,-0.37107027
1994-09-16 00:00:00.000000000,9,-0.30147496
1994-10-16 12:00:00.000000000,10,-0.23867922
1994-11-16 00:00:00.000000000,11,0.08430347
1994-12-16 12:00:00.000000000,12,0.31402212
1995-01-16 12:00:00.000000000,1,0.3217616
1995-02-15 00:00:00.000000000,2,0.35256958
1995-03-16 12:00:00.000000000,3,0.54484445
1995-04-16 00:00:00.000000000,4,0.42652887
1995-05-16 12:00:00.000000000,5,0.6122636
1995-06-16 00:00:00.000000000,6,0.8256879
1995-07-16 12:00:00.000000000,7,0.8098561
1995-08-16 12:00:00.000000000,8,0.22168112
1995-09-16 00:00:00.000000000,9,0.16673818
1995-10-16 12:00:00.000000000,10,0.01068759
1995-11-16 00:00:00.000000000,11,0.27076465
1995-12-16 12:00:00.000000000,12,-0.1635765
1996-01-16 12:00:00.000000000,1,-0.23329273
1996-02-15 12:00:00.000000000,2,-0.050295413
1996-03-16 12:00:00.000000000,3,-0.026669562
1996-04-16 00:00:00.000000000,4,0.3888616
1996-05-16 12:00:00.000000000,5,0.5872256
1996-06-16 00:00:00.000000000,6,0.9921863
1996-07-16 12:00:00.000000000,7,0.655032
1996-08-16 12:00:00.000000000,8,0.17478073
1996-09-16 00:00:00.000000000,9,-0.07431015
1996-10-16 12:00:00.000000000,10,-0.14228854
1996-11-16 00:00:00.000000000,11,-0.29163963
1996-12-16 12:00:00.000000000,12,-0.6999625
1997-01-16 12:00:00.000000000,1,-0.6010046
1997-02-15 00:00:00.000000000,2,-0.5751965
1997-03-16 12:00:00.000000000,3,-0.58244795
1997-04-16 00:00:00.000000000,4,-0.6861013
1997-05-16 12:00:00.000000000,5,-0.7032294
1997-06-16 00:00:00.000000000,6,-1.0720348
1997-07-16 12:00:00.000000000,7,-0.5740755
1997-08-16 12:00:00.000000000,8,-0.29924306
1997-09-16 00:00:00.000000000,9,-0.1557314
1997-10-16 12:00:00.000000000,10,0.48289454
1997-11-16 00:00:00.000000000,11,0.40222675
1997-12-16 12:00:00.000000000,12,0.6766609
1998-01-16 12:00:00.000000000,1,0.6169159
1998-02-15 00:00:00.000000000,2,0.81772774
1998-03-16 12:00:00.000000000,3,0.60858214
1998-04-16 00:00:00.000000000,4,0.46570325
1998-05-16 12:00:00.000000000,5,0.2530561
1998-06-16 00:00:00.000000000,6,0.48679793
1998-07-16 12:00:00.000000000,7,0.62921894
1998-08-16 12:00:00.000000000,8,0.36477822
1998-09-16 00:00:00.000000000,9,0.41017377
1998-10-16 12:00:00.000000000,10,0.33667237
1998-11-16 00:00:00.000000000,11,0.41199625
1998-12-16 12:00:00.000000000,12,0.14369673
1999-01-16 12:00:00.000000000,1,0.10072628
1999-02-15 00:00:00.000000000,2,-0.01034236
1999-03-16 12:00:00.000000000,3,0.25195593
1999-04-16 00:00:00.000000000,4,0.2496016
1999-05-16 12:00:00.000000000,5,0.603763
1999-06-16 00:00:00.000000000,6,0.61186403
1999-07-16 12:00:00.000000000,7,0.8164326
1999-08-16 12:00:00.000000000,8,0.7518047
1999-09-16 00:00:00.000000000,9,0.013577759
1999-10-16 12:00:00.000000000,10,-0.027573884
1999-11-16 00:00:00.000000000,11,0.049823314
1999-12-16 12:00:00.000000000,12,0.10942721
2000-01-16 12:00:00.000000000,1,-0.029509813
2000-02-15 12:00:00.000000000,2,0.102844656
2000-03-16 12:00:00.000000000,3,0.10581249
2000-04-16 00:00:00.000000000,4,0.12262395
2000-05-16 12:00:00.000000000,5,0.053850085
2000-06-16 00:00:00.000000000,6,-0.3352517
2000-07-16 12:00:00.000000000,7,-0.36812606
2000-08-16 12:00:00.000000000,8,-0.11098717
2000-09-16 00:00:00.000000000,9,-0.34246212
2000-10-16 12:00:00.000000000,10,-0.35126212
2000-11-16 00:00:00.000000000,11,-0.25451666
2000-12-16 12:00:00.000000000,12,-0.35234854
2001-01-16 12:00:00.000000000,1,-0.3837344
2001-02-15 00:00:00.000000000,2,-0.233381
2001-03-16 12:00:00.000000000,3,0.027970135
2001-04-16 00:00:00.000000000,4,0.36041445
2001-05-16 12:00:00.000000000,5,0.2737394
2001-06-16 00:00:00.000000000,6,0.0340586
2001-07-16 12:00:00.000000000,7,-0.25844255
2001-08-16 12:00:00.000000000,8,-0.23717478
2001-09-16 00:00:00.000000000,9,-0.28153113
2001-10-16 12:00:00.000000000,10,-0.01497969
2001-11-16 00:00:00.000000000,11,-0.38439387
2001-12-16 12:00:00.000000000,12,-0.52162147
2002-01-16 12:00:00.000000000,1,-0.3010986
2002-02-15 00:00:00.000000000,2,-0.35797015
2002-03-16 12:00:00.000000000,3,0.12432873
2002-04-16 00:00:00.000000000,4,0.11990398
2002-05-16 12:00:00.000000000,5,0.18024766
2002-06-16 00:00:00.000000000,6,0.12764877
2002-07-16 12:00:00.000000000,7,0.2989127
2002-08-16 12:00:00.000000000,8,-0.2537644
2002-09-16 00:00:00.000000000,9,-0.35056797
2002-10-16 12:00:00.000000000,10,-0.092707485
2002-11-16 00:00:00.000000000,11,-0.19792582
2002-12-16 12:00:00.000000000,12,0.14461404
2003-01-16 12:00:00.000000000,1,0.23205507
2003-02-15 00:00:00.000000000,2,0.19321173
2003-03-16 12:00:00.000000000,3,0.4307328
2003-04-16 00:00:00.000000000,4,0.001530081
2003-05-16 12:00:00.000000000,5,-0.04533419
2003-06-16 00:00:00.000000000,6,-0.31084722
2003-07-16 12:00:00.000000000,7,0.36697376
2003-08-16 12:00:00.000000000,8,0.42740333
2003-09-16 00:00:00.000000000,9,0.46967012
2003-10-16 12:00:00.000000000,10,0.42424506
2003-11-16 00:00:00.000000000,11,0.5329449
2003-12-16 12:00:00.000000000,12,0.5505641
2004-01-16 12:00:00.000000000,1,0.45477074
2004-02-15 12:00:00.000000000,2,0.18202889
2004-03-16 12:00:00.000000000,3,0.113265455
2004-04-16 00:00:00.000000000,4,-0.46971646
2004-05-16 12:00:00.000000000,5,-0.4155888
2004-06-16 00:00:00.000000000,6,-0.504702
2004-07-16 12:00:00.000000000,7,-0.24154368
2004-08-16 12:00:00.000000000,8,-0.0042161047
2004-09-16 00:00:00.000000000,9,0.4249524
2004-10-16 12:00:00.000000000,10,0.07286766
2004-11-16 00:00:00.000000000,11,0.25751907
2004-12-16 12:00:00.000000000,12,0.28854704
2005-01-16 12:00:00.000000000,1,0.30410796
2005-02-15 00:00:00.000000000,2,0.27102005
2005-03-16 12:00:00.000000000,3,0.41227096
2005-04-16 00:00:00.000000000,4,0.10889447
2005-05-16 12:00:00.000000000,5,-0.51230514
2005-06-16 00:00:00.000000000,6,-0.826857
2005-07-16 12:00:00.000000000,7,-0.8101783
2005-08-16 12:00:00.000000000,8,-0.28232506
2005-09-16 00:00:00.000000000,9,0.038952976
2005-10-16 12:00:00.000000000,10,0.18599182
2005-11-16 00:00:00.000000000,11,-0.08126426
2005-12-16 12:00:00.000000000,12,0.00041255355
2006-01-16 12:00:00.000000000,1,-0.11953029
2006-02-15 00:00:00.000000000,2,0.10658282
2006-03-16 12:00:00.000000000,3,0.11099261
2006-04-16 00:00:00.000000000,4,0.20628476
2006-05-16 12:00:00.000000000,5,0.101198256
2006-06-16 00:00:00.000000000,6,0.3975984
2006-07-16 12:00:00.000000000,7,0.1267842
2006-08-16 12:00:00.000000000,8,-0.06731942
2006-09-16 00:00:00.000000000,9,0.20267528
2006-10-16 12:00:00.000000000,10,0.078157425
2006-11-16 00:00:00.000000000,11,0.07266763
2006-12-16 12:00:00.000000000,12,0.19702893
2007-01-16 12:00:00.000000000,1,-0.0019957721
2007-02-15 00:00:00.000000000,2,0.14287055
2007-03-16 12:00:00.000000000,3,-0.03046766
2007-04-16 00:00:00.000000000,4,0.125175
2007-05-16 12:00:00.000000000,5,0.17546707
2007-06-16 00:00:00.000000000,6,0.49188286
2007-07-16 12:00:00.000000000,7,0.18049306
2007-08-16 12:00:00.000000000,8,0.1118204
2007-09-16 00:00:00.000000000,9,0.40589786
2007-10-16 12:00:00.000000000,10,0.16899902
2007-11-16 00:00:00.000000000,11,0.15300256
2007-12-16 12:00:00.000000000,12,0.26649702
2008-01-16 12:00:00.000000000,1,0.32456595
2008-02-15 12:00:00.000000000,2,0.11364555
2008-03-16 12:00:00.000000000,3,0.41285014
2008-04-16 00:00:00.000000000,4,0.30667156
2008-05-16 12:00:00.000000000,5,0.5383495
2008-06-16 00:00:00.000000000,6,0.6093918
2008-07-16 12:00:00.000000000,7,0.6430505
2008-08-16 12:00:00.000000000,8,0.5564697
2008-09-16 00:00:00.000000000,9,0.29396313
2008-10-16 12:00:00.000000000,10,0.21798718
2008-11-16 00:00:00.000000000,11,0.14602983
2008-12-16 12:00:00.000000000,12,0.16889524
2009-01-16 12:00:00.000000000,1,0.22363466
2009-02-15 00:00:00.000000000,2,0.068884194
2009-03-16 12:00:00.000000000,3,0.13128877
2009-04-16 00:00:00.000000000,4,0.15702468
2009-05-16 12:00:00.000000000,5,0.55184925
2009-06-16 00:00:00.000000000,6,0.033255607
2009-07-16 12:00:00.000000000,7,-0.24661271
2009-08-16 12:00:00.000000000,8,-0.36611772
2009-09-16 00:00:00.000000000,9,-0.2733557
2009-10-16 12:00:00.000000000,10,-0.062598854
2009-11-16 00:00:00.000000000,11,-0.3349597
2009-12-16 12:00:00.000000000,12,0.023836702
2010-01-16 12:00:00.000000000,1,0.21757782
2010-02-15 00:00:00.000000000,2,0.22518468
2010-03-16 12:00:00.000000000,3,0.31803513
2010-04-16 00:00:00.000000000,4,0.30370474
2010-05-16 12:00:00.000000000,5,0.2744453
2010-06-16 00:00:00.000000000,6,0.65165854
2010-07-16 12:00:00.000000000,7,0.4679768
2010-08-16 12:00:00.000000000,8,0.4620623
2010-09-16 00:00:00.000000000,9,0.36424792
2010-10-16 12:00:00.000000000,10,0.61605644
2010-11-16 00:00:00.000000000,11,0.5418898
2010-12-16 12:00:00.000000000,12,0.20677495
2011-01-16 12:00:00.000000000,1,0.1955396
2011-02-15 00:00:00.000000000,2,0.44167507
2011-03-16 12:00:00.000000000,3,0.4302516
2011-04-16 00:00:00.000000000,4,0.4387762
2011-05-16 12:00:00.000000000,5,-0.04076433
2011-06-16 00:00:00.000000000,6,-0.39190686
2011-07-16 12:00:00.000000000,7,-0.17220452
2011-08-16 12:00:00.000000000,8,-0.065887064
2011-09-16 00:00:00.000000000,9,0.06806129
2011-10-16 12:00:00.000000000,10,0.22805077
2011-11-16 00:00:00.000000000,11,-0.12582314
2011-12-16 12:00:00.000000000,12,-0.6737218
2012-01-16 12:00:00.000000000,1,-0.6496892
2012-02-15 12:00:00.000000000,2,-0.85438585
2012-03-16 12:00:00.000000000,3,-0.32754856
2012-04-16 00:00:00.000000000,4,-0.6340371
2012-05-16 12:00:00.000000000,5,-0.6513891
2012-06-16 00:00:00.000000000,6,-0.38187417
2012-07-16 12:00:00.000000000,7,-0.39950427
2012-08-16 12:00:00.000000000,8,-0.38952598
2012-09-16 00:00:00.000000000,9,-0.16759875
2012-10-16 12:00:00.000000000,10,0.117543876
2012-11-16 00:00:00.000000000,11,-0.07304573
2012-12-16 12:00:00.000000000,12,0.012037724
2013-01-16 12:00:00.000000000,1,0.29563713
2013-02-15 00:00:00.000000000,2,0.27174675
2013-03-16 12:00:00.000000000,3,0.22495669
2013-04-16 00:00:00.000000000,4,0.056913972
2013-05-16 12:00:00.000000000,5,-0.24861333
2013-06-16 00:00:00.000000000,6,-0.2413041
2013-07-16 12:00:00.000000000,7,-0.2974943
2013-08-16 12:00:00.000000000,8,-0.183474
2013-09-16 00:00:00.000000000,9,-0.36460972
2013-10-16 12:00:00.000000000,10,-0.19556648
2013-11-16 00:00:00.000000000,11,-0.44353658
2013-12-16 12:00:00.000000000,12,-0.27758014
2014-01-16 12:00:00.000000000,1,-0.44602746
2014-02-15 00:00:00.000000000,2,-0.3055625
2014-03-16 12:00:00.000000000,3,-0.27178913
2014-04-16 00:00:00.000000000,4,-0.05946389
2014-05-16 12:00:00.000000000,5,0.08625013
2014-06-16 00:00:00.000000000,6,0.061915934
2014-07-16 12:00:00.000000000,7,-0.37840486
2014-08-16 12:00:00.000000000,8,-0.13368028
2014-09-16 00:00:00.000000000,9,-0.16975093
2014-10-16 12:00:00.000000000,10,-0.031976253
2014-11-16 00:00:00.000000000,11,-0.8249177
2014-12-16 12:00:00.000000000,12,-0.47612226
2015-01-16 12:00:00.000000000,1,-0.25535294
2015-02-15 00:00:00.000000000,2,-0.11131841
2015-03-16 12:00:00.000000000,3,-0.18362421
2015-04-16 00:00:00.000000000,4,-0.08977336
2015-05-16 12:00:00.000000000,5,-0.15502739
2015-06-16 00:00:00.000000000,6,-0.25041658
2015-07-16 12:00:00.000000000,7,-0.38153523
2015-08-16 12:00:00.000000000,8,-0.52590525
2015-09-16 00:00:00.000000000,9,-0.4030647
2015-10-16 12:00:00.000000000,10,0.062799275
2015-11-16 00:00:00.000000000,11,0.24877071
2015-12-16 12:00:00.000000000,12,0.2928257
2016-01-16 12:00:00.000000000,1,0.2735718
2016-02-15 12:00:00.000000000,2,-0.14822361
2016-03-16 12:00:00.000000000,3,0.17074823
2016-04-16 00:00:00.000000000,4,0.052593827
2016-05-16 12:00:00.000000000,5,-0.11389917
2016-06-16 00:00:00.000000000,6,0.45843208
2016-07-16 12:00:00.000000000,7,0.5028803
2016-08-16 12:00:00.000000000,8,0.3691662
2016-09-16 00:00:00.000000000,9,0.29297322
2016-10-16 12:00:00.000000000,10,0.6408561
2016-11-16 00:00:00.000000000,11,0.38112122
2016-12-16 12:00:00.000000000,12,0.63137937
2017-01-16 12:00:00.000000000,1,0.32638693
2017-02-15 00:00:00.000000000,2,0.050867796
2017-03-16 12:00:00.000000000,3,0.23714888
2017-04-16 00:00:00.000000000,4,0.4040898
2017-05-16 12:00:00.000000000,5,0.17150676
2017-06-16 00:00:00.000000000,6,0.29278195
2017-07-16 12:00:00.000000000,7,0.004962653
2017-08-16 12:00:00.000000000,8,0.53450805
2017-09-16 00:00:00.000000000,9,0.23896962
2017-10-16 12:00:00.000000000,10,0.3672282
2017-11-16 00:00:00.000000000,11,0.1549862
2017-12-16 12:00:00.000000000,12,0.11250085
2018-01-16 12:00:00.000000000,1,0.58736426
2018-02-15 00:00:00.000000000,2,-0.03581971
2018-03-16 12:00:00.000000000,3,-0.0037003756
2018-04-16 00:00:00.000000000,4,-0.03066343
2018-05-16 12:00:00.000000000,5,0.15217
2018-06-16 00:00:00.000000000,6,0.3057651
2018-07-16 12:00:00.000000000,7,0.32705373
2018-08-16 12:00:00.000000000,8,0.2441358
2018-09-16 00:00:00.000000000,9,0.31510884
2018-10-16 12:00:00.000000000,10,0.45744216
2018-11-16 00:00:00.000000000,11,0.3734492
2018-12-16 12:00:00.000000000,12,0.62417024
2019-01-16 12:00:00.000000000,1,0.38466597
2019-02-15 00:00:00.000000000,2,0.42900038
2019-03-16 12:00:00.000000000,3,0.6776988
2019-04-16 00:00:00.000000000,4,0.41228813
2019-05-16 12:00:00.000000000,5,0.25780421
2019-06-16 00:00:00.000000000,6,0.008183658
2019-07-16 12:00:00.000000000,7,0.1913569
2019-08-16 12:00:00.000000000,8,0.47660893
2019-09-16 00:00:00.000000000,9,0.42287207
2019-10-16 12:00:00.000000000,10,0.48164278
2019-11-16 00:00:00.000000000,11,1.1275445
2019-12-16 12:00:00.000000000,12,1.1683246
2020-01-16 12:00:00.000000000,1,1.2891551
2020-02-15 12:00:00.000000000,2,0.804944
2020-03-16 12:00:00.000000000,3,0.32941508
2020-04-16 00:00:00.000000000,4,0.43300015
2020-05-16 12:00:00.000000000,5,0.390145
2020-06-16 00:00:00.000000000,6,0.2282182
2020-07-16 12:00:00.000000000,7,0.2022993
2020-08-16 12:00:00.000000000,8,0.123796105
2020-09-16 00:00:00.000000000,9,0.03695315
2020-10-16 12:00:00.000000000,10,0.23635292
2020-11-16 00:00:00.000000000,11,-0.06663981
2020-12-16 12:00:00.000000000,12,-0.26417238
2021-01-16 12:00:00.000000000,1,0.043176174
2021-02-15 00:00:00.000000000,2,-0.11689833
2021-03-16 12:00:00.000000000,3,-0.12112555
2021-04-16 00:00:00.000000000,4,-0.035093606
2021-05-16 12:00:00.000000000,5,0.39228934
2021-06-16 00:00:00.000000000,6,0.81332105
2021-07-16 12:00:00.000000000,7,1.2092749
2021-08-16 12:00:00.000000000,8,1.1014
2021-09-16 00:00:00.000000000,9,0.62092286
2021-10-16 12:00:00.000000000,10,0.6940101
2021-11-16 00:00:00.000000000,11,0.54246145
2021-12-16 12:00:00.000000000,12,0.19263434
2022-01-16 12:00:00.000000000,1,0.3019635
2022-02-15 00:00:00.000000000,2,0.09271574
2022-03-16 12:00:00.000000000,3,0.2620504
2022-04-16 00:00:00.000000000,4,0.09583628
2022-05-16 12:00:00.000000000,5,-0.12738049
2022-06-16 00:00:00.000000000,6,0.26009613
2022-07-16 12:00:00.000000000,7,0.022105515
2022-08-16 12:00:00.000000000,8,0.09755921
2022-09-16 00:00:00.000000000,9,0.20613652
2022-10-16 12:00:00.000000000,10,0.31356436
2022-11-16 00:00:00.000000000,11,0.106276095
2022-12-16 12:00:00.000000000,12,0.2309261
2023-01-16 12:00:00.000000000,1,0.6085654
2023-02-15 00:00:00.000000000,2,0.3454767
2023-03-16 12:00:00.000000000,3,0.17239124
2023-04-16 00:00:00.000000000,4,0.2511708
2023-05-16 12:00:00.000000000,5,0.54509944
2023-06-16 00:00:00.000000000,6,0.23456174
2023-07-16 12:00:00.000000000,7,0.4182145
2023-08-16 12:00:00.000000000,8,0.3849373
2023-09-16 00:00:00.000000000,9,0.47876614
2023-10-16 12:00:00.000000000,10,0.41534722
2023-11-16 00:00:00.000000000,11,0.6342812
2023-12-16 12:00:00.000000000,12,1.1567644
